25,-11,d1YrB6ryVvDgAGHTMRmVJjL0iR0=,aRXok+GqazL2JsfaJ4KFuqrs5CU=
21,-7,d1YrB6ryVvDgAGHTMRmVJjL0iR0=,uqUnQ8Cb5kbLRevqMd5hQb3aXYM=
22,-7,d1YrB6ryVvDgAGHTMRmVJjL0iR0=,uqUnQ8Cb5kbLRevqMd5hQb3aXYM=
21,-6,d1YrB6ryVvDgAGHTMRmVJjL0iR0=,uqUnQ8Cb5kbLRevqMd5hQb3aXYM=
22,-6,d1YrB6ryVvDgAGHTMRmVJjL0iR0=,uqUnQ8Cb5kbLRevqMd5hQb3aXYM=
22,-4,d1YrB6ryVvDgAGHTMRmVJjL0iR0=,XywI7cJG6ReQTAF1593oCvZpaKI=
22,-2,d1YrB6ryVvDgAGHTMRmVJjL0iR0=,XywI7cJG6ReQTAF1593oCvZpaKI=
21,-3,d1YrB6ryVvDgAGHTMRmVJjL0iR0=,XywI7cJG6ReQTAF1593oCvZpaKI=
21,-5,d1YrB6ryVvDgAGHTMRmVJjL0iR0=,uqUnQ8Cb5kbLRevqMd5hQb3aXYM=
22,-3,d1YrB6ryVvDgAGHTMRmVJjL0iR0=,XywI7cJG6ReQTAF1593oCvZpaKI=
22,-5,d1YrB6ryVvDgAGHTMRmVJjL0iR0=,uqUnQ8Cb5kbLRevqMd5hQb3aXYM=
21,-2,d1YrB6ryVvDgAGHTMRmVJjL0iR0=,XywI7cJG6ReQTAF1593oCvZpaKI=
21,-4,d1YrB6ryVvDgAGHTMRmVJjL0iR0=,XywI7cJG6ReQTAF1593oCvZpaKI=
26,-10,d1YrB6ryVvDgAGHTMRmVJjL0iR0=,aRXok+GqazL2JsfaJ4KFuqrs5CU=
26,-11,d1YrB6ryVvDgAGHTMRmVJjL0iR0=,aRXok+GqazL2JsfaJ4KFuqrs5CU=
25,-10,d1YrB6ryVvDgAGHTMRmVJjL0iR0=,aRXok+GqazL2JsfaJ4KFuqrs5CU=
21,-11,d1YrB6ryVvDgAGHTMRmVJjL0iR0=,xufrSsD2x8hBYJ8D1rn+E2Mi4po=
24,-11,d1YrB6ryVvDgAGHTMRmVJjL0iR0=,aRXok+GqazL2JsfaJ4KFuqrs5CU=
21,-9,d1YrB6ryVvDgAGHTMRmVJjL0iR0=,xufrSsD2x8hBYJ8D1rn+E2Mi4po=
22,-8,d1YrB6ryVvDgAGHTMRmVJjL0iR0=,uqUnQ8Cb5kbLRevqMd5hQb3aXYM=
22,-11,d1YrB6ryVvDgAGHTMRmVJjL0iR0=,xufrSsD2x8hBYJ8D1rn+E2Mi4po=
21,-8,d1YrB6ryVvDgAGHTMRmVJjL0iR0=,uqUnQ8Cb5kbLRevqMd5hQb3aXYM=
21,-10,d1YrB6ryVvDgAGHTMRmVJjL0iR0=,xufrSsD2x8hBYJ8D1rn+E2Mi4po=
23,-11,d1YrB6ryVvDgAGHTMRmVJjL0iR0=,xufrSsD2x8hBYJ8D1rn+E2Mi4po=
22,-10,d1YrB6ryVvDgAGHTMRmVJjL0iR0=,xufrSsD2x8hBYJ8D1rn+E2Mi4po=
24,-10,d1YrB6ryVvDgAGHTMRmVJjL0iR0=,aRXok+GqazL2JsfaJ4KFuqrs5CU=
23,-10,d1YrB6ryVvDgAGHTMRmVJjL0iR0=,xufrSsD2x8hBYJ8D1rn+E2Mi4po=
22,-9,d1YrB6ryVvDgAGHTMRmVJjL0iR0=,xufrSsD2x8hBYJ8D1rn+E2Mi4po=
22,-14,d1YrB6ryVvDgAGHTMRmVJjL0iR0=,VBrbYzgtz/SAVdacgp6Wx/1zyXM=
21,-15,d1YrB6ryVvDgAGHTMRmVJjL0iR0=,VBrbYzgtz/SAVdacgp6Wx/1zyXM=
22,-15,d1YrB6ryVvDgAGHTMRmVJjL0iR0=,VBrbYzgtz/SAVdacgp6Wx/1zyXM=
21,-12,d1YrB6ryVvDgAGHTMRmVJjL0iR0=,xufrSsD2x8hBYJ8D1rn+E2Mi4po=
21,-13,d1YrB6ryVvDgAGHTMRmVJjL0iR0=,VBrbYzgtz/SAVdacgp6Wx/1zyXM=
21,-14,d1YrB6ryVvDgAGHTMRmVJjL0iR0=,VBrbYzgtz/SAVdacgp6Wx/1zyXM=
22,-13,d1YrB6ryVvDgAGHTMRmVJjL0iR0=,VBrbYzgtz/SAVdacgp6Wx/1zyXM=
22,-12,5hyfEx9EF/3icueMCEB0M8xhU3M=,xufrSsD2x8hBYJ8D1rn+E2Mi4po=
24,-6,5hyfEx9EF/3icueMCEB0M8xhU3M=,gPTPhyhsazheAfwcv/TsTAhW6BM=
25,-7,5hyfEx9EF/3icueMCEB0M8xhU3M=,gPTPhyhsazheAfwcv/TsTAhW6BM=
26,-7,5hyfEx9EF/3icueMCEB0M8xhU3M=,gPTPhyhsazheAfwcv/TsTAhW6BM=
25,-6,5hyfEx9EF/3icueMCEB0M8xhU3M=,gPTPhyhsazheAfwcv/TsTAhW6BM=
23,-7,5hyfEx9EF/3icueMCEB0M8xhU3M=,uqUnQ8Cb5kbLRevqMd5hQb3aXYM=
26,-6,5hyfEx9EF/3icueMCEB0M8xhU3M=,gPTPhyhsazheAfwcv/TsTAhW6BM=
23,-8,5hyfEx9EF/3icueMCEB0M8xhU3M=,uqUnQ8Cb5kbLRevqMd5hQb3aXYM=
23,-9,5hyfEx9EF/3icueMCEB0M8xhU3M=,xufrSsD2x8hBYJ8D1rn+E2Mi4po=
24,-7,5hyfEx9EF/3icueMCEB0M8xhU3M=,gPTPhyhsazheAfwcv/TsTAhW6BM=
24,-9,5hyfEx9EF/3icueMCEB0M8xhU3M=,aRXok+GqazL2JsfaJ4KFuqrs5CU=
24,-8,5hyfEx9EF/3icueMCEB0M8xhU3M=,gPTPhyhsazheAfwcv/TsTAhW6BM=
26,-9,5hyfEx9EF/3icueMCEB0M8xhU3M=,aRXok+GqazL2JsfaJ4KFuqrs5CU=
25,-8,5hyfEx9EF/3icueMCEB0M8xhU3M=,gPTPhyhsazheAfwcv/TsTAhW6BM=
26,-8,5hyfEx9EF/3icueMCEB0M8xhU3M=,gPTPhyhsazheAfwcv/TsTAhW6BM=
25,-9,5hyfEx9EF/3icueMCEB0M8xhU3M=,aRXok+GqazL2JsfaJ4KFuqrs5CU=
23,-6,5hyfEx9EF/3icueMCEB0M8xhU3M=,uqUnQ8Cb5kbLRevqMd5hQb3aXYM=
25,-3,5hyfEx9EF/3icueMCEB0M8xhU3M=,fMS3rT3ny0ljPY3B2bSTJF0a7+w=
26,-5,5hyfEx9EF/3icueMCEB0M8xhU3M=,gPTPhyhsazheAfwcv/TsTAhW6BM=
25,-5,5hyfEx9EF/3icueMCEB0M8xhU3M=,gPTPhyhsazheAfwcv/TsTAhW6BM=
23,-2,EZ6eFw/EPA5u0IcGpk/x5SDVOss=,XywI7cJG6ReQTAF1593oCvZpaKI=
26,-4,EZ6eFw/EPA5u0IcGpk/x5SDVOss=,fMS3rT3ny0ljPY3B2bSTJF0a7+w=
23,-3,EZ6eFw/EPA5u0IcGpk/x5SDVOss=,XywI7cJG6ReQTAF1593oCvZpaKI=
26,-3,EZ6eFw/EPA5u0IcGpk/x5SDVOss=,fMS3rT3ny0ljPY3B2bSTJF0a7+w=
23,-5,EZ6eFw/EPA5u0IcGpk/x5SDVOss=,uqUnQ8Cb5kbLRevqMd5hQb3aXYM=
24,-4,EZ6eFw/EPA5u0IcGpk/x5SDVOss=,fMS3rT3ny0ljPY3B2bSTJF0a7+w=
23,-4,EZ6eFw/EPA5u0IcGpk/x5SDVOss=,XywI7cJG6ReQTAF1593oCvZpaKI=
26,-2,EZ6eFw/EPA5u0IcGpk/x5SDVOss=,fMS3rT3ny0ljPY3B2bSTJF0a7+w=
24,-2,EZ6eFw/EPA5u0IcGpk/x5SDVOss=,fMS3rT3ny0ljPY3B2bSTJF0a7+w=
24,-5,EZ6eFw/EPA5u0IcGpk/x5SDVOss=,gPTPhyhsazheAfwcv/TsTAhW6BM=
25,-4,EZ6eFw/EPA5u0IcGpk/x5SDVOss=,fMS3rT3ny0ljPY3B2bSTJF0a7+w=
24,-3,EZ6eFw/EPA5u0IcGpk/x5SDVOss=,fMS3rT3ny0ljPY3B2bSTJF0a7+w=
27,-7,EZ6eFw/EPA5u0IcGpk/x5SDVOss=,gPTPhyhsazheAfwcv/TsTAhW6BM=
25,-2,EZ6eFw/EPA5u0IcGpk/x5SDVOss=,fMS3rT3ny0ljPY3B2bSTJF0a7+w=
27,-6,EZ6eFw/EPA5u0IcGpk/x5SDVOss=,gPTPhyhsazheAfwcv/TsTAhW6BM=
28,-7,EZ6eFw/EPA5u0IcGpk/x5SDVOss=,nrtGaDdsTZeDDwjmn6hcvEaFLmI=
28,-6,EZ6eFw/EPA5u0IcGpk/x5SDVOss=,nrtGaDdsTZeDDwjmn6hcvEaFLmI=
29,-6,EZ6eFw/EPA5u0IcGpk/x5SDVOss=,nrtGaDdsTZeDDwjmn6hcvEaFLmI=
29,-7,EZ6eFw/EPA5u0IcGpk/x5SDVOss=,nrtGaDdsTZeDDwjmn6hcvEaFLmI=
30,-6,EZ6eFw/EPA5u0IcGpk/x5SDVOss=,nrtGaDdsTZeDDwjmn6hcvEaFLmI=
30,-7,EZ6eFw/EPA5u0IcGpk/x5SDVOss=,nrtGaDdsTZeDDwjmn6hcvEaFLmI=
20,-11,EZ6eFw/EPA5u0IcGpk/x5SDVOss=,xufrSsD2x8hBYJ8D1rn+E2Mi4po=
17,-11,EZ6eFw/EPA5u0IcGpk/x5SDVOss=,VCcKU4MKJJaxpShzHH3/HaS5Hjg=
20,-10,EZ6eFw/EPA5u0IcGpk/x5SDVOss=,xufrSsD2x8hBYJ8D1rn+E2Mi4po=
18,-11,EZ6eFw/EPA5u0IcGpk/x5SDVOss=,VCcKU4MKJJaxpShzHH3/HaS5Hjg=
19,-11,EZ6eFw/EPA5u0IcGpk/x5SDVOss=,VCcKU4MKJJaxpShzHH3/HaS5Hjg=
17,-10,EZ6eFw/EPA5u0IcGpk/x5SDVOss=,VCcKU4MKJJaxpShzHH3/HaS5Hjg=
18,-10,EZ6eFw/EPA5u0IcGpk/x5SDVOss=,VCcKU4MKJJaxpShzHH3/HaS5Hjg=
19,-10,EZ6eFw/EPA5u0IcGpk/x5SDVOss=,VCcKU4MKJJaxpShzHH3/HaS5Hjg=
28,-2,EZ6eFw/EPA5u0IcGpk/x5SDVOss=,tUshFB3fdEyy9DO7LI2HoK0EhxA=
27,-4,EZ6eFw/EPA5u0IcGpk/x5SDVOss=,fMS3rT3ny0ljPY3B2bSTJF0a7+w=
28,-4,EZ6eFw/EPA5u0IcGpk/x5SDVOss=,tUshFB3fdEyy9DO7LI2HoK0EhxA=
29,-4,EZ6eFw/EPA5u0IcGpk/x5SDVOss=,tUshFB3fdEyy9DO7LI2HoK0EhxA=
28,-3,EZ6eFw/EPA5u0IcGpk/x5SDVOss=,tUshFB3fdEyy9DO7LI2HoK0EhxA=
30,-4,EZ6eFw/EPA5u0IcGpk/x5SDVOss=,tUshFB3fdEyy9DO7LI2HoK0EhxA=
29,-3,EZ6eFw/EPA5u0IcGpk/x5SDVOss=,tUshFB3fdEyy9DO7LI2HoK0EhxA=
27,-5,EZ6eFw/EPA5u0IcGpk/x5SDVOss=,gPTPhyhsazheAfwcv/TsTAhW6BM=
29,-2,EZ6eFw/EPA5u0IcGpk/x5SDVOss=,tUshFB3fdEyy9DO7LI2HoK0EhxA=
27,-3,EZ6eFw/EPA5u0IcGpk/x5SDVOss=,fMS3rT3ny0ljPY3B2bSTJF0a7+w=
30,-3,EZ6eFw/EPA5u0IcGpk/x5SDVOss=,tUshFB3fdEyy9DO7LI2HoK0EhxA=
29,-5,EZ6eFw/EPA5u0IcGpk/x5SDVOss=,nrtGaDdsTZeDDwjmn6hcvEaFLmI=
30,-5,EZ6eFw/EPA5u0IcGpk/x5SDVOss=,nrtGaDdsTZeDDwjmn6hcvEaFLmI=
30,-2,EZ6eFw/EPA5u0IcGpk/x5SDVOss=,tUshFB3fdEyy9DO7LI2HoK0EhxA=
27,-2,EZ6eFw/EPA5u0IcGpk/x5SDVOss=,fMS3rT3ny0ljPY3B2bSTJF0a7+w=
28,-5,EZ6eFw/EPA5u0IcGpk/x5SDVOss=,nrtGaDdsTZeDDwjmn6hcvEaFLmI=
17,-13,EZ6eFw/EPA5u0IcGpk/x5SDVOss=,aLE2y1jPYlJbJi5Qef4sZv8FhmA=
18,-13,EZ6eFw/EPA5u0IcGpk/x5SDVOss=,aLE2y1jPYlJbJi5Qef4sZv8FhmA=
19,-13,EZ6eFw/EPA5u0IcGpk/x5SDVOss=,aLE2y1jPYlJbJi5Qef4sZv8FhmA=
20,-15,EZ6eFw/EPA5u0IcGpk/x5SDVOss=,VBrbYzgtz/SAVdacgp6Wx/1zyXM=
17,-12,EZ6eFw/EPA5u0IcGpk/x5SDVOss=,VCcKU4MKJJaxpShzHH3/HaS5Hjg=
18,-12,EZ6eFw/EPA5u0IcGpk/x5SDVOss=,VCcKU4MKJJaxpShzHH3/HaS5Hjg=
19,-12,EZ6eFw/EPA5u0IcGpk/x5SDVOss=,VCcKU4MKJJaxpShzHH3/HaS5Hjg=
17,-15,EZ6eFw/EPA5u0IcGpk/x5SDVOss=,aLE2y1jPYlJbJi5Qef4sZv8FhmA=
20,-14,EZ6eFw/EPA5u0IcGpk/x5SDVOss=,VBrbYzgtz/SAVdacgp6Wx/1zyXM=
20,-12,EZ6eFw/EPA5u0IcGpk/x5SDVOss=,xufrSsD2x8hBYJ8D1rn+E2Mi4po=
20,-13,EZ6eFw/EPA5u0IcGpk/x5SDVOss=,VBrbYzgtz/SAVdacgp6Wx/1zyXM=
17,-16,EZ6eFw/EPA5u0IcGpk/x5SDVOss=,aLE2y1jPYlJbJi5Qef4sZv8FhmA=
18,-15,EZ6eFw/EPA5u0IcGpk/x5SDVOss=,aLE2y1jPYlJbJi5Qef4sZv8FhmA=
19,-14,EZ6eFw/EPA5u0IcGpk/x5SDVOss=,aLE2y1jPYlJbJi5Qef4sZv8FhmA=
18,-16,EZ6eFw/EPA5u0IcGpk/x5SDVOss=,aLE2y1jPYlJbJi5Qef4sZv8FhmA=
18,-14,EZ6eFw/EPA5u0IcGpk/x5SDVOss=,aLE2y1jPYlJbJi5Qef4sZv8FhmA=
17,-14,EZ6eFw/EPA5u0IcGpk/x5SDVOss=,aLE2y1jPYlJbJi5Qef4sZv8FhmA=
16,-15,EZ6eFw/EPA5u0IcGpk/x5SDVOss=,aLE2y1jPYlJbJi5Qef4sZv8FhmA=
16,-14,EZ6eFw/EPA5u0IcGpk/x5SDVOss=,aLE2y1jPYlJbJi5Qef4sZv8FhmA=
19,-15,EZ6eFw/EPA5u0IcGpk/x5SDVOss=,aLE2y1jPYlJbJi5Qef4sZv8FhmA=
16,-13,EZ6eFw/EPA5u0IcGpk/x5SDVOss=,aLE2y1jPYlJbJi5Qef4sZv8FhmA=
16,-12,EZ6eFw/EPA5u0IcGpk/x5SDVOss=,VCcKU4MKJJaxpShzHH3/HaS5Hjg=
16,-11,EZ6eFw/EPA5u0IcGpk/x5SDVOss=,VCcKU4MKJJaxpShzHH3/HaS5Hjg=
16,-10,EZ6eFw/EPA5u0IcGpk/x5SDVOss=,VCcKU4MKJJaxpShzHH3/HaS5Hjg=
25,-1,EZ6eFw/EPA5u0IcGpk/x5SDVOss=,fMS3rT3ny0ljPY3B2bSTJF0a7+w=
26,-1,EZ6eFw/EPA5u0IcGpk/x5SDVOss=,fMS3rT3ny0ljPY3B2bSTJF0a7+w=
21,-1,EZ6eFw/EPA5u0IcGpk/x5SDVOss=,XywI7cJG6ReQTAF1593oCvZpaKI=
22,-1,EZ6eFw/EPA5u0IcGpk/x5SDVOss=,XywI7cJG6ReQTAF1593oCvZpaKI=
24,-1,EZ6eFw/EPA5u0IcGpk/x5SDVOss=,fMS3rT3ny0ljPY3B2bSTJF0a7+w=
23,-1,EZ6eFw/EPA5u0IcGpk/x5SDVOss=,XywI7cJG6ReQTAF1593oCvZpaKI=
31,-3,EZ6eFw/EPA5u0IcGpk/x5SDVOss=,tUshFB3fdEyy9DO7LI2HoK0EhxA=
31,-2,EZ6eFw/EPA5u0IcGpk/x5SDVOss=,tUshFB3fdEyy9DO7LI2HoK0EhxA=
28,-1,EZ6eFw/EPA5u0IcGpk/x5SDVOss=,tUshFB3fdEyy9DO7LI2HoK0EhxA=
29,-1,EZ6eFw/EPA5u0IcGpk/x5SDVOss=,tUshFB3fdEyy9DO7LI2HoK0EhxA=
30,-1,EZ6eFw/EPA5u0IcGpk/x5SDVOss=,tUshFB3fdEyy9DO7LI2HoK0EhxA=
31,-1,EZ6eFw/EPA5u0IcGpk/x5SDVOss=,tUshFB3fdEyy9DO7LI2HoK0EhxA=
27,-1,EZ6eFw/EPA5u0IcGpk/x5SDVOss=,fMS3rT3ny0ljPY3B2bSTJF0a7+w=
27,-11,EZ6eFw/EPA5u0IcGpk/x5SDVOss=,aRXok+GqazL2JsfaJ4KFuqrs5CU=
27,-8,EZ6eFw/EPA5u0IcGpk/x5SDVOss=,gPTPhyhsazheAfwcv/TsTAhW6BM=
27,-9,EZ6eFw/EPA5u0IcGpk/x5SDVOss=,aRXok+GqazL2JsfaJ4KFuqrs5CU=
28,-8,EZ6eFw/EPA5u0IcGpk/x5SDVOss=,nrtGaDdsTZeDDwjmn6hcvEaFLmI=
29,-8,EZ6eFw/EPA5u0IcGpk/x5SDVOss=,nrtGaDdsTZeDDwjmn6hcvEaFLmI=
27,-10,EZ6eFw/EPA5u0IcGpk/x5SDVOss=,aRXok+GqazL2JsfaJ4KFuqrs5CU=
30,-8,EZ6eFw/EPA5u0IcGpk/x5SDVOss=,nrtGaDdsTZeDDwjmn6hcvEaFLmI=
22,-16,EZ6eFw/EPA5u0IcGpk/x5SDVOss=,VBrbYzgtz/SAVdacgp6Wx/1zyXM=
19,-16,EZ6eFw/EPA5u0IcGpk/x5SDVOss=,aLE2y1jPYlJbJi5Qef4sZv8FhmA=
20,-16,EZ6eFw/EPA5u0IcGpk/x5SDVOss=,VBrbYzgtz/SAVdacgp6Wx/1zyXM=
21,-16,EZ6eFw/EPA5u0IcGpk/x5SDVOss=,VBrbYzgtz/SAVdacgp6Wx/1zyXM=
31,-7,EZ6eFw/EPA5u0IcGpk/x5SDVOss=,nrtGaDdsTZeDDwjmn6hcvEaFLmI=
31,-6,EZ6eFw/EPA5u0IcGpk/x5SDVOss=,nrtGaDdsTZeDDwjmn6hcvEaFLmI=
31,-5,EZ6eFw/EPA5u0IcGpk/x5SDVOss=,nrtGaDdsTZeDDwjmn6hcvEaFLmI=
31,-4,EZ6eFw/EPA5u0IcGpk/x5SDVOss=,tUshFB3fdEyy9DO7LI2HoK0EhxA=
16,-16,EZ6eFw/EPA5u0IcGpk/x5SDVOss=,aLE2y1jPYlJbJi5Qef4sZv8FhmA=
31,-8,EZ6eFw/EPA5u0IcGpk/x5SDVOss=,nrtGaDdsTZeDDwjmn6hcvEaFLmI=
23,-16,EZ6eFw/EPA5u0IcGpk/x5SDVOss=,VBrbYzgtz/SAVdacgp6Wx/1zyXM=
24,-13,EZ6eFw/EPA5u0IcGpk/x5SDVOss=,vlNOBGdbaaRj+4BbYdP2pozdyp4=
25,-13,EZ6eFw/EPA5u0IcGpk/x5SDVOss=,vlNOBGdbaaRj+4BbYdP2pozdyp4=
25,-15,EZ6eFw/EPA5u0IcGpk/x5SDVOss=,vlNOBGdbaaRj+4BbYdP2pozdyp4=
26,-15,EZ6eFw/EPA5u0IcGpk/x5SDVOss=,vlNOBGdbaaRj+4BbYdP2pozdyp4=
27,-15,EZ6eFw/EPA5u0IcGpk/x5SDVOss=,vlNOBGdbaaRj+4BbYdP2pozdyp4=
24,-14,EZ6eFw/EPA5u0IcGpk/x5SDVOss=,vlNOBGdbaaRj+4BbYdP2pozdyp4=
23,-14,EZ6eFw/EPA5u0IcGpk/x5SDVOss=,VBrbYzgtz/SAVdacgp6Wx/1zyXM=
25,-14,EZ6eFw/EPA5u0IcGpk/x5SDVOss=,vlNOBGdbaaRj+4BbYdP2pozdyp4=
23,-15,EZ6eFw/EPA5u0IcGpk/x5SDVOss=,VBrbYzgtz/SAVdacgp6Wx/1zyXM=
26,-14,EZ6eFw/EPA5u0IcGpk/x5SDVOss=,vlNOBGdbaaRj+4BbYdP2pozdyp4=
26,-13,EZ6eFw/EPA5u0IcGpk/x5SDVOss=,vlNOBGdbaaRj+4BbYdP2pozdyp4=
27,-13,EZ6eFw/EPA5u0IcGpk/x5SDVOss=,vlNOBGdbaaRj+4BbYdP2pozdyp4=
24,-12,EZ6eFw/EPA5u0IcGpk/x5SDVOss=,aRXok+GqazL2JsfaJ4KFuqrs5CU=
24,-16,EZ6eFw/EPA5u0IcGpk/x5SDVOss=,vlNOBGdbaaRj+4BbYdP2pozdyp4=
25,-12,EZ6eFw/EPA5u0IcGpk/x5SDVOss=,aRXok+GqazL2JsfaJ4KFuqrs5CU=
27,-14,EZ6eFw/EPA5u0IcGpk/x5SDVOss=,vlNOBGdbaaRj+4BbYdP2pozdyp4=
26,-12,EZ6eFw/EPA5u0IcGpk/x5SDVOss=,aRXok+GqazL2JsfaJ4KFuqrs5CU=
23,-13,EZ6eFw/EPA5u0IcGpk/x5SDVOss=,VBrbYzgtz/SAVdacgp6Wx/1zyXM=
25,-16,EZ6eFw/EPA5u0IcGpk/x5SDVOss=,vlNOBGdbaaRj+4BbYdP2pozdyp4=
23,-12,EZ6eFw/EPA5u0IcGpk/x5SDVOss=,xufrSsD2x8hBYJ8D1rn+E2Mi4po=
26,-16,EZ6eFw/EPA5u0IcGpk/x5SDVOss=,vlNOBGdbaaRj+4BbYdP2pozdyp4=
27,-16,EZ6eFw/EPA5u0IcGpk/x5SDVOss=,vlNOBGdbaaRj+4BbYdP2pozdyp4=
24,-15,EZ6eFw/EPA5u0IcGpk/x5SDVOss=,vlNOBGdbaaRj+4BbYdP2pozdyp4=
27,-12,EZ6eFw/EPA5u0IcGpk/x5SDVOss=,aRXok+GqazL2JsfaJ4KFuqrs5CU=
16,-7,EZ6eFw/EPA5u0IcGpk/x5SDVOss=,7wjCRFQbkCmvIno1/kuyXwIDzDU=
17,-7,EZ6eFw/EPA5u0IcGpk/x5SDVOss=,7wjCRFQbkCmvIno1/kuyXwIDzDU=
20,-7,EZ6eFw/EPA5u0IcGpk/x5SDVOss=,uqUnQ8Cb5kbLRevqMd5hQb3aXYM=
20,-9,EZ6eFw/EPA5u0IcGpk/x5SDVOss=,xufrSsD2x8hBYJ8D1rn+E2Mi4po=
18,-7,EZ6eFw/EPA5u0IcGpk/x5SDVOss=,7wjCRFQbkCmvIno1/kuyXwIDzDU=
19,-7,EZ6eFw/EPA5u0IcGpk/x5SDVOss=,7wjCRFQbkCmvIno1/kuyXwIDzDU=
20,-6,EZ6eFw/EPA5u0IcGpk/x5SDVOss=,uqUnQ8Cb5kbLRevqMd5hQb3aXYM=
19,-8,EZ6eFw/EPA5u0IcGpk/x5SDVOss=,7wjCRFQbkCmvIno1/kuyXwIDzDU=
16,-6,EZ6eFw/EPA5u0IcGpk/x5SDVOss=,7wjCRFQbkCmvIno1/kuyXwIDzDU=
17,-6,EZ6eFw/EPA5u0IcGpk/x5SDVOss=,7wjCRFQbkCmvIno1/kuyXwIDzDU=
18,-8,EZ6eFw/EPA5u0IcGpk/x5SDVOss=,7wjCRFQbkCmvIno1/kuyXwIDzDU=
18,-6,EZ6eFw/EPA5u0IcGpk/x5SDVOss=,7wjCRFQbkCmvIno1/kuyXwIDzDU=
16,-3,EZ6eFw/EPA5u0IcGpk/x5SDVOss=,gcdEnYQIEFWg0Xfsc2TG5fFbnKY=
17,-8,EZ6eFw/EPA5u0IcGpk/x5SDVOss=,7wjCRFQbkCmvIno1/kuyXwIDzDU=
20,-8,EZ6eFw/EPA5u0IcGpk/x5SDVOss=,uqUnQ8Cb5kbLRevqMd5hQb3aXYM=
16,-1,EZ6eFw/EPA5u0IcGpk/x5SDVOss=,gcdEnYQIEFWg0Xfsc2TG5fFbnKY=
20,-4,EZ6eFw/EPA5u0IcGpk/x5SDVOss=,XywI7cJG6ReQTAF1593oCvZpaKI=
16,-9,EZ6eFw/EPA5u0IcGpk/x5SDVOss=,VCcKU4MKJJaxpShzHH3/HaS5Hjg=
20,-1,EZ6eFw/EPA5u0IcGpk/x5SDVOss=,XywI7cJG6ReQTAF1593oCvZpaKI=
19,-4,EZ6eFw/EPA5u0IcGpk/x5SDVOss=,gcdEnYQIEFWg0Xfsc2TG5fFbnKY=
19,-6,EZ6eFw/EPA5u0IcGpk/x5SDVOss=,7wjCRFQbkCmvIno1/kuyXwIDzDU=
17,-1,EZ6eFw/EPA5u0IcGpk/x5SDVOss=,gcdEnYQIEFWg0Xfsc2TG5fFbnKY=
16,-8,EZ6eFw/EPA5u0IcGpk/x5SDVOss=,7wjCRFQbkCmvIno1/kuyXwIDzDU=
17,-9,EZ6eFw/EPA5u0IcGpk/x5SDVOss=,VCcKU4MKJJaxpShzHH3/HaS5Hjg=
17,-3,EZ6eFw/EPA5u0IcGpk/x5SDVOss=,gcdEnYQIEFWg0Xfsc2TG5fFbnKY=
18,-1,EZ6eFw/EPA5u0IcGpk/x5SDVOss=,gcdEnYQIEFWg0Xfsc2TG5fFbnKY=
19,-9,EZ6eFw/EPA5u0IcGpk/x5SDVOss=,VCcKU4MKJJaxpShzHH3/HaS5Hjg=
20,-3,EZ6eFw/EPA5u0IcGpk/x5SDVOss=,XywI7cJG6ReQTAF1593oCvZpaKI=
19,-2,EZ6eFw/EPA5u0IcGpk/x5SDVOss=,gcdEnYQIEFWg0Xfsc2TG5fFbnKY=
18,-9,EZ6eFw/EPA5u0IcGpk/x5SDVOss=,VCcKU4MKJJaxpShzHH3/HaS5Hjg=
19,-1,EZ6eFw/EPA5u0IcGpk/x5SDVOss=,gcdEnYQIEFWg0Xfsc2TG5fFbnKY=
18,-4,EZ6eFw/EPA5u0IcGpk/x5SDVOss=,gcdEnYQIEFWg0Xfsc2TG5fFbnKY=
18,-2,EZ6eFw/EPA5u0IcGpk/x5SDVOss=,gcdEnYQIEFWg0Xfsc2TG5fFbnKY=
16,-4,EZ6eFw/EPA5u0IcGpk/x5SDVOss=,gcdEnYQIEFWg0Xfsc2TG5fFbnKY=
17,-4,EZ6eFw/EPA5u0IcGpk/x5SDVOss=,gcdEnYQIEFWg0Xfsc2TG5fFbnKY=
20,-5,EZ6eFw/EPA5u0IcGpk/x5SDVOss=,uqUnQ8Cb5kbLRevqMd5hQb3aXYM=
17,-2,EZ6eFw/EPA5u0IcGpk/x5SDVOss=,gcdEnYQIEFWg0Xfsc2TG5fFbnKY=
19,-5,EZ6eFw/EPA5u0IcGpk/x5SDVOss=,7wjCRFQbkCmvIno1/kuyXwIDzDU=
18,-3,EZ6eFw/EPA5u0IcGpk/x5SDVOss=,gcdEnYQIEFWg0Xfsc2TG5fFbnKY=
16,-2,EZ6eFw/EPA5u0IcGpk/x5SDVOss=,gcdEnYQIEFWg0Xfsc2TG5fFbnKY=
20,-2,EZ6eFw/EPA5u0IcGpk/x5SDVOss=,XywI7cJG6ReQTAF1593oCvZpaKI=
19,-3,EZ6eFw/EPA5u0IcGpk/x5SDVOss=,gcdEnYQIEFWg0Xfsc2TG5fFbnKY=
17,-5,EZ6eFw/EPA5u0IcGpk/x5SDVOss=,7wjCRFQbkCmvIno1/kuyXwIDzDU=
18,-5,EZ6eFw/EPA5u0IcGpk/x5SDVOss=,7wjCRFQbkCmvIno1/kuyXwIDzDU=
16,-5,EZ6eFw/EPA5u0IcGpk/x5SDVOss=,7wjCRFQbkCmvIno1/kuyXwIDzDU=
9,-20,Evnm845nigX19m49S6ZH1XPHSAI=,RWTrvqkmIrNvBX/X8MSbE8rTwTw=
10,-18,Evnm845nigX19m49S6ZH1XPHSAI=,RWTrvqkmIrNvBX/X8MSbE8rTwTw=
10,-19,Evnm845nigX19m49S6ZH1XPHSAI=,RWTrvqkmIrNvBX/X8MSbE8rTwTw=
10,-20,Evnm845nigX19m49S6ZH1XPHSAI=,RWTrvqkmIrNvBX/X8MSbE8rTwTw=
9,-19,Evnm845nigX19m49S6ZH1XPHSAI=,RWTrvqkmIrNvBX/X8MSbE8rTwTw=
9,-18,Evnm845nigX19m49S6ZH1XPHSAI=,RWTrvqkmIrNvBX/X8MSbE8rTwTw=
5,-23,NQ8up4Mgv54CBxVZ5rSDcRAbAqw=,m498fPJ84HtCqvtU4b66JPDAlz8=
7,-22,NQ8up4Mgv54CBxVZ5rSDcRAbAqw=,m498fPJ84HtCqvtU4b66JPDAlz8=
6,-22,NQ8up4Mgv54CBxVZ5rSDcRAbAqw=,m498fPJ84HtCqvtU4b66JPDAlz8=
5,-22,NQ8up4Mgv54CBxVZ5rSDcRAbAqw=,m498fPJ84HtCqvtU4b66JPDAlz8=
7,-23,NQ8up4Mgv54CBxVZ5rSDcRAbAqw=,m498fPJ84HtCqvtU4b66JPDAlz8=
6,-23,NQ8up4Mgv54CBxVZ5rSDcRAbAqw=,m498fPJ84HtCqvtU4b66JPDAlz8=
2,-18,NQ8up4Mgv54CBxVZ5rSDcRAbAqw=,U9Otfrj37brJWO2VtjGc0rvOHcY=
1,-18,NQ8up4Mgv54CBxVZ5rSDcRAbAqw=,U9Otfrj37brJWO2VtjGc0rvOHcY=
1,-19,qUnWDXeX53ZyOsZ2Zg/H+8AVK/g=,U9Otfrj37brJWO2VtjGc0rvOHcY=
2,-19,qUnWDXeX53ZyOsZ2Zg/H+8AVK/g=,U9Otfrj37brJWO2VtjGc0rvOHcY=
6,-20,qUnWDXeX53ZyOsZ2Zg/H+8AVK/g=,0lTNckvI5Vjup+IIOM4FPlyyTmM=
7,-20,qUnWDXeX53ZyOsZ2Zg/H+8AVK/g=,0lTNckvI5Vjup+IIOM4FPlyyTmM=
8,-19,qUnWDXeX53ZyOsZ2Zg/H+8AVK/g=,RWTrvqkmIrNvBX/X8MSbE8rTwTw=
6,-19,qUnWDXeX53ZyOsZ2Zg/H+8AVK/g=,0lTNckvI5Vjup+IIOM4FPlyyTmM=
8,-20,qUnWDXeX53ZyOsZ2Zg/H+8AVK/g=,RWTrvqkmIrNvBX/X8MSbE8rTwTw=
5,-19,qUnWDXeX53ZyOsZ2Zg/H+8AVK/g=,0lTNckvI5Vjup+IIOM4FPlyyTmM=
4,-19,qUnWDXeX53ZyOsZ2Zg/H+8AVK/g=,0lTNckvI5Vjup+IIOM4FPlyyTmM=
5,-21,qUnWDXeX53ZyOsZ2Zg/H+8AVK/g=,m498fPJ84HtCqvtU4b66JPDAlz8=
6,-21,qUnWDXeX53ZyOsZ2Zg/H+8AVK/g=,m498fPJ84HtCqvtU4b66JPDAlz8=
3,-19,qUnWDXeX53ZyOsZ2Zg/H+8AVK/g=,U9Otfrj37brJWO2VtjGc0rvOHcY=
7,-21,qUnWDXeX53ZyOsZ2Zg/H+8AVK/g=,m498fPJ84HtCqvtU4b66JPDAlz8=
7,-19,qUnWDXeX53ZyOsZ2Zg/H+8AVK/g=,0lTNckvI5Vjup+IIOM4FPlyyTmM=
4,-18,qUnWDXeX53ZyOsZ2Zg/H+8AVK/g=,0lTNckvI5Vjup+IIOM4FPlyyTmM=
5,-20,qUnWDXeX53ZyOsZ2Zg/H+8AVK/g=,0lTNckvI5Vjup+IIOM4FPlyyTmM=
5,-18,qUnWDXeX53ZyOsZ2Zg/H+8AVK/g=,0lTNckvI5Vjup+IIOM4FPlyyTmM=
6,-18,qUnWDXeX53ZyOsZ2Zg/H+8AVK/g=,0lTNckvI5Vjup+IIOM4FPlyyTmM=
8,-18,qUnWDXeX53ZyOsZ2Zg/H+8AVK/g=,RWTrvqkmIrNvBX/X8MSbE8rTwTw=
7,-18,qUnWDXeX53ZyOsZ2Zg/H+8AVK/g=,0lTNckvI5Vjup+IIOM4FPlyyTmM=
3,-18,qUnWDXeX53ZyOsZ2Zg/H+8AVK/g=,U9Otfrj37brJWO2VtjGc0rvOHcY=
6,-24,qUnWDXeX53ZyOsZ2Zg/H+8AVK/g=,m498fPJ84HtCqvtU4b66JPDAlz8=
5,-24,qUnWDXeX53ZyOsZ2Zg/H+8AVK/g=,m498fPJ84HtCqvtU4b66JPDAlz8=
0,-19,qUnWDXeX53ZyOsZ2Zg/H+8AVK/g=,U9Otfrj37brJWO2VtjGc0rvOHcY=
0,-18,qUnWDXeX53ZyOsZ2Zg/H+8AVK/g=,U9Otfrj37brJWO2VtjGc0rvOHcY=
13,-18,qUnWDXeX53ZyOsZ2Zg/H+8AVK/g=,Q4TIhQkbC56eiHwyrIOE5b9Ytcg=
14,-18,qUnWDXeX53ZyOsZ2Zg/H+8AVK/g=,Q4TIhQkbC56eiHwyrIOE5b9Ytcg=
13,-20,qUnWDXeX53ZyOsZ2Zg/H+8AVK/g=,Q4TIhQkbC56eiHwyrIOE5b9Ytcg=
13,-19,qUnWDXeX53ZyOsZ2Zg/H+8AVK/g=,Q4TIhQkbC56eiHwyrIOE5b9Ytcg=
14,-19,qUnWDXeX53ZyOsZ2Zg/H+8AVK/g=,Q4TIhQkbC56eiHwyrIOE5b9Ytcg=
14,-20,qUnWDXeX53ZyOsZ2Zg/H+8AVK/g=,Q4TIhQkbC56eiHwyrIOE5b9Ytcg=
12,-18,qUnWDXeX53ZyOsZ2Zg/H+8AVK/g=,Q4TIhQkbC56eiHwyrIOE5b9Ytcg=
12,-20,qUnWDXeX53ZyOsZ2Zg/H+8AVK/g=,Q4TIhQkbC56eiHwyrIOE5b9Ytcg=
11,-18,qUnWDXeX53ZyOsZ2Zg/H+8AVK/g=,RWTrvqkmIrNvBX/X8MSbE8rTwTw=
12,-19,qUnWDXeX53ZyOsZ2Zg/H+8AVK/g=,Q4TIhQkbC56eiHwyrIOE5b9Ytcg=
11,-20,qUnWDXeX53ZyOsZ2Zg/H+8AVK/g=,RWTrvqkmIrNvBX/X8MSbE8rTwTw=
11,-19,qUnWDXeX53ZyOsZ2Zg/H+8AVK/g=,RWTrvqkmIrNvBX/X8MSbE8rTwTw=
13,-17,qUnWDXeX53ZyOsZ2Zg/H+8AVK/g=,Q4TIhQkbC56eiHwyrIOE5b9Ytcg=
14,-17,qUnWDXeX53ZyOsZ2Zg/H+8AVK/g=,Q4TIhQkbC56eiHwyrIOE5b9Ytcg=
12,-17,qUnWDXeX53ZyOsZ2Zg/H+8AVK/g=,Q4TIhQkbC56eiHwyrIOE5b9Ytcg=
10,-17,qUnWDXeX53ZyOsZ2Zg/H+8AVK/g=,RWTrvqkmIrNvBX/X8MSbE8rTwTw=
11,-17,qUnWDXeX53ZyOsZ2Zg/H+8AVK/g=,RWTrvqkmIrNvBX/X8MSbE8rTwTw=
9,-17,qUnWDXeX53ZyOsZ2Zg/H+8AVK/g=,RWTrvqkmIrNvBX/X8MSbE8rTwTw=
6,-17,qUnWDXeX53ZyOsZ2Zg/H+8AVK/g=,0lTNckvI5Vjup+IIOM4FPlyyTmM=
7,-17,qUnWDXeX53ZyOsZ2Zg/H+8AVK/g=,0lTNckvI5Vjup+IIOM4FPlyyTmM=
8,-17,qUnWDXeX53ZyOsZ2Zg/H+8AVK/g=,RWTrvqkmIrNvBX/X8MSbE8rTwTw=
5,-17,qUnWDXeX53ZyOsZ2Zg/H+8AVK/g=,0lTNckvI5Vjup+IIOM4FPlyyTmM=
1,-17,qUnWDXeX53ZyOsZ2Zg/H+8AVK/g=,U9Otfrj37brJWO2VtjGc0rvOHcY=
4,-17,qUnWDXeX53ZyOsZ2Zg/H+8AVK/g=,0lTNckvI5Vjup+IIOM4FPlyyTmM=
2,-17,qUnWDXeX53ZyOsZ2Zg/H+8AVK/g=,U9Otfrj37brJWO2VtjGc0rvOHcY=
3,-17,qUnWDXeX53ZyOsZ2Zg/H+8AVK/g=,U9Otfrj37brJWO2VtjGc0rvOHcY=
0,-17,qUnWDXeX53ZyOsZ2Zg/H+8AVK/g=,U9Otfrj37brJWO2VtjGc0rvOHcY=
15,-19,qUnWDXeX53ZyOsZ2Zg/H+8AVK/g=,Q4TIhQkbC56eiHwyrIOE5b9Ytcg=
15,-18,qUnWDXeX53ZyOsZ2Zg/H+8AVK/g=,Q4TIhQkbC56eiHwyrIOE5b9Ytcg=
15,-17,qUnWDXeX53ZyOsZ2Zg/H+8AVK/g=,Q4TIhQkbC56eiHwyrIOE5b9Ytcg=
15,-20,qUnWDXeX53ZyOsZ2Zg/H+8AVK/g=,Q4TIhQkbC56eiHwyrIOE5b9Ytcg=
7,-24,qUnWDXeX53ZyOsZ2Zg/H+8AVK/g=,m498fPJ84HtCqvtU4b66JPDAlz8=
4,-23,qUnWDXeX53ZyOsZ2Zg/H+8AVK/g=,m498fPJ84HtCqvtU4b66JPDAlz8=
4,-22,qUnWDXeX53ZyOsZ2Zg/H+8AVK/g=,m498fPJ84HtCqvtU4b66JPDAlz8=
0,-23,qUnWDXeX53ZyOsZ2Zg/H+8AVK/g=,HOb7SCig6+PCv559PGcPjrsL0wg=
1,-23,qUnWDXeX53ZyOsZ2Zg/H+8AVK/g=,HOb7SCig6+PCv559PGcPjrsL0wg=
2,-23,qUnWDXeX53ZyOsZ2Zg/H+8AVK/g=,HOb7SCig6+PCv559PGcPjrsL0wg=
3,-23,qUnWDXeX53ZyOsZ2Zg/H+8AVK/g=,HOb7SCig6+PCv559PGcPjrsL0wg=
0,-27,qUnWDXeX53ZyOsZ2Zg/H+8AVK/g=,MxENSLsaRaxUAfgumiSk0ns6Nz8=
1,-27,qUnWDXeX53ZyOsZ2Zg/H+8AVK/g=,MxENSLsaRaxUAfgumiSk0ns6Nz8=
4,-21,qUnWDXeX53ZyOsZ2Zg/H+8AVK/g=,m498fPJ84HtCqvtU4b66JPDAlz8=
0,-31,qUnWDXeX53ZyOsZ2Zg/H+8AVK/g=,4DgoNHVd0WMJVqyV6G115jQ2yOA=
1,-31,qUnWDXeX53ZyOsZ2Zg/H+8AVK/g=,4DgoNHVd0WMJVqyV6G115jQ2yOA=
2,-31,qUnWDXeX53ZyOsZ2Zg/H+8AVK/g=,4DgoNHVd0WMJVqyV6G115jQ2yOA=
3,-31,qUnWDXeX53ZyOsZ2Zg/H+8AVK/g=,4DgoNHVd0WMJVqyV6G115jQ2yOA=
2,-27,qUnWDXeX53ZyOsZ2Zg/H+8AVK/g=,MxENSLsaRaxUAfgumiSk0ns6Nz8=
0,-22,qUnWDXeX53ZyOsZ2Zg/H+8AVK/g=,HOb7SCig6+PCv559PGcPjrsL0wg=
3,-27,qUnWDXeX53ZyOsZ2Zg/H+8AVK/g=,MxENSLsaRaxUAfgumiSk0ns6Nz8=
0,-26,qUnWDXeX53ZyOsZ2Zg/H+8AVK/g=,MxENSLsaRaxUAfgumiSk0ns6Nz8=
1,-26,qUnWDXeX53ZyOsZ2Zg/H+8AVK/g=,MxENSLsaRaxUAfgumiSk0ns6Nz8=
0,-30,qUnWDXeX53ZyOsZ2Zg/H+8AVK/g=,4DgoNHVd0WMJVqyV6G115jQ2yOA=
1,-22,qUnWDXeX53ZyOsZ2Zg/H+8AVK/g=,HOb7SCig6+PCv559PGcPjrsL0wg=
1,-30,qUnWDXeX53ZyOsZ2Zg/H+8AVK/g=,4DgoNHVd0WMJVqyV6G115jQ2yOA=
3,-30,qUnWDXeX53ZyOsZ2Zg/H+8AVK/g=,4DgoNHVd0WMJVqyV6G115jQ2yOA=
2,-30,qUnWDXeX53ZyOsZ2Zg/H+8AVK/g=,4DgoNHVd0WMJVqyV6G115jQ2yOA=
2,-22,qUnWDXeX53ZyOsZ2Zg/H+8AVK/g=,HOb7SCig6+PCv559PGcPjrsL0wg=
2,-26,qUnWDXeX53ZyOsZ2Zg/H+8AVK/g=,MxENSLsaRaxUAfgumiSk0ns6Nz8=
0,-29,qUnWDXeX53ZyOsZ2Zg/H+8AVK/g=,4DgoNHVd0WMJVqyV6G115jQ2yOA=
3,-22,qUnWDXeX53ZyOsZ2Zg/H+8AVK/g=,HOb7SCig6+PCv559PGcPjrsL0wg=
3,-26,qUnWDXeX53ZyOsZ2Zg/H+8AVK/g=,MxENSLsaRaxUAfgumiSk0ns6Nz8=
0,-25,qUnWDXeX53ZyOsZ2Zg/H+8AVK/g=,MxENSLsaRaxUAfgumiSk0ns6Nz8=
1,-25,qUnWDXeX53ZyOsZ2Zg/H+8AVK/g=,MxENSLsaRaxUAfgumiSk0ns6Nz8=
1,-29,qUnWDXeX53ZyOsZ2Zg/H+8AVK/g=,4DgoNHVd0WMJVqyV6G115jQ2yOA=
2,-29,qUnWDXeX53ZyOsZ2Zg/H+8AVK/g=,4DgoNHVd0WMJVqyV6G115jQ2yOA=
0,-21,qUnWDXeX53ZyOsZ2Zg/H+8AVK/g=,HOb7SCig6+PCv559PGcPjrsL0wg=
3,-29,qUnWDXeX53ZyOsZ2Zg/H+8AVK/g=,4DgoNHVd0WMJVqyV6G115jQ2yOA=
2,-25,qUnWDXeX53ZyOsZ2Zg/H+8AVK/g=,MxENSLsaRaxUAfgumiSk0ns6Nz8=
0,-28,qUnWDXeX53ZyOsZ2Zg/H+8AVK/g=,MxENSLsaRaxUAfgumiSk0ns6Nz8=
3,-25,qUnWDXeX53ZyOsZ2Zg/H+8AVK/g=,MxENSLsaRaxUAfgumiSk0ns6Nz8=
0,-24,qUnWDXeX53ZyOsZ2Zg/H+8AVK/g=,HOb7SCig6+PCv559PGcPjrsL0wg=
0,-32,qUnWDXeX53ZyOsZ2Zg/H+8AVK/g=,4DgoNHVd0WMJVqyV6G115jQ2yOA=
1,-21,qUnWDXeX53ZyOsZ2Zg/H+8AVK/g=,HOb7SCig6+PCv559PGcPjrsL0wg=
2,-21,qUnWDXeX53ZyOsZ2Zg/H+8AVK/g=,HOb7SCig6+PCv559PGcPjrsL0wg=
1,-28,qUnWDXeX53ZyOsZ2Zg/H+8AVK/g=,MxENSLsaRaxUAfgumiSk0ns6Nz8=
1,-24,qUnWDXeX53ZyOsZ2Zg/H+8AVK/g=,HOb7SCig6+PCv559PGcPjrsL0wg=
4,-24,qUnWDXeX53ZyOsZ2Zg/H+8AVK/g=,m498fPJ84HtCqvtU4b66JPDAlz8=
4,-20,qUnWDXeX53ZyOsZ2Zg/H+8AVK/g=,0lTNckvI5Vjup+IIOM4FPlyyTmM=
1,-32,qUnWDXeX53ZyOsZ2Zg/H+8AVK/g=,4DgoNHVd0WMJVqyV6G115jQ2yOA=
2,-28,qUnWDXeX53ZyOsZ2Zg/H+8AVK/g=,MxENSLsaRaxUAfgumiSk0ns6Nz8=
2,-32,qUnWDXeX53ZyOsZ2Zg/H+8AVK/g=,4DgoNHVd0WMJVqyV6G115jQ2yOA=
3,-32,qUnWDXeX53ZyOsZ2Zg/H+8AVK/g=,4DgoNHVd0WMJVqyV6G115jQ2yOA=
3,-28,qUnWDXeX53ZyOsZ2Zg/H+8AVK/g=,MxENSLsaRaxUAfgumiSk0ns6Nz8=
3,-21,qUnWDXeX53ZyOsZ2Zg/H+8AVK/g=,HOb7SCig6+PCv559PGcPjrsL0wg=
2,-24,qUnWDXeX53ZyOsZ2Zg/H+8AVK/g=,HOb7SCig6+PCv559PGcPjrsL0wg=
3,-20,qUnWDXeX53ZyOsZ2Zg/H+8AVK/g=,U9Otfrj37brJWO2VtjGc0rvOHcY=
3,-24,qUnWDXeX53ZyOsZ2Zg/H+8AVK/g=,HOb7SCig6+PCv559PGcPjrsL0wg=
2,-20,qUnWDXeX53ZyOsZ2Zg/H+8AVK/g=,U9Otfrj37brJWO2VtjGc0rvOHcY=
0,-20,qUnWDXeX53ZyOsZ2Zg/H+8AVK/g=,U9Otfrj37brJWO2VtjGc0rvOHcY=
1,-20,qUnWDXeX53ZyOsZ2Zg/H+8AVK/g=,U9Otfrj37brJWO2VtjGc0rvOHcY=
5,-7,KYNuxZ/oZYvtPx/EKo8B/HXxBg0=,4gPpWXsnNgtx1vnfVVPGGipm0i0=
9,-3,KYNuxZ/oZYvtPx/EKo8B/HXxBg0=,MMVY7N2U9AdqlsqDeCYhfTb/lbU=
10,-3,KYNuxZ/oZYvtPx/EKo8B/HXxBg0=,MMVY7N2U9AdqlsqDeCYhfTb/lbU=
9,-2,cPTM3EpvX2Ax32FT+LuFHI4ZLIU=,MMVY7N2U9AdqlsqDeCYhfTb/lbU=
5,-3,cPTM3EpvX2Ax32FT+LuFHI4ZLIU=,dOnKu5nRoEd38tE+OMw/bphaqvw=
8,-5,cPTM3EpvX2Ax32FT+LuFHI4ZLIU=,WN+R7Wb9IDL0SxsGXqh3shkEkGA=
6,-3,cPTM3EpvX2Ax32FT+LuFHI4ZLIU=,dOnKu5nRoEd38tE+OMw/bphaqvw=
10,-2,cPTM3EpvX2Ax32FT+LuFHI4ZLIU=,MMVY7N2U9AdqlsqDeCYhfTb/lbU=
7,-3,cPTM3EpvX2Ax32FT+LuFHI4ZLIU=,dOnKu5nRoEd38tE+OMw/bphaqvw=
6,-6,cPTM3EpvX2Ax32FT+LuFHI4ZLIU=,4gPpWXsnNgtx1vnfVVPGGipm0i0=
9,-5,cPTM3EpvX2Ax32FT+LuFHI4ZLIU=,WN+R7Wb9IDL0SxsGXqh3shkEkGA=
5,-5,cPTM3EpvX2Ax32FT+LuFHI4ZLIU=,4gPpWXsnNgtx1vnfVVPGGipm0i0=
6,-4,cPTM3EpvX2Ax32FT+LuFHI4ZLIU=,dOnKu5nRoEd38tE+OMw/bphaqvw=
10,-5,cPTM3EpvX2Ax32FT+LuFHI4ZLIU=,WN+R7Wb9IDL0SxsGXqh3shkEkGA=
5,-2,cPTM3EpvX2Ax32FT+LuFHI4ZLIU=,dOnKu5nRoEd38tE+OMw/bphaqvw=
7,-7,cPTM3EpvX2Ax32FT+LuFHI4ZLIU=,4gPpWXsnNgtx1vnfVVPGGipm0i0=
8,-3,cPTM3EpvX2Ax32FT+LuFHI4ZLIU=,MMVY7N2U9AdqlsqDeCYhfTb/lbU=
5,-6,cPTM3EpvX2Ax32FT+LuFHI4ZLIU=,4gPpWXsnNgtx1vnfVVPGGipm0i0=
8,-4,cPTM3EpvX2Ax32FT+LuFHI4ZLIU=,MMVY7N2U9AdqlsqDeCYhfTb/lbU=
5,-4,cPTM3EpvX2Ax32FT+LuFHI4ZLIU=,dOnKu5nRoEd38tE+OMw/bphaqvw=
8,-2,cPTM3EpvX2Ax32FT+LuFHI4ZLIU=,MMVY7N2U9AdqlsqDeCYhfTb/lbU=
9,-4,cPTM3EpvX2Ax32FT+LuFHI4ZLIU=,MMVY7N2U9AdqlsqDeCYhfTb/lbU=
7,-2,cPTM3EpvX2Ax32FT+LuFHI4ZLIU=,dOnKu5nRoEd38tE+OMw/bphaqvw=
6,-5,cPTM3EpvX2Ax32FT+LuFHI4ZLIU=,4gPpWXsnNgtx1vnfVVPGGipm0i0=
10,-4,cPTM3EpvX2Ax32FT+LuFHI4ZLIU=,MMVY7N2U9AdqlsqDeCYhfTb/lbU=
6,-2,cPTM3EpvX2Ax32FT+LuFHI4ZLIU=,dOnKu5nRoEd38tE+OMw/bphaqvw=
8,-7,cPTM3EpvX2Ax32FT+LuFHI4ZLIU=,WN+R7Wb9IDL0SxsGXqh3shkEkGA=
9,-7,cPTM3EpvX2Ax32FT+LuFHI4ZLIU=,WN+R7Wb9IDL0SxsGXqh3shkEkGA=
7,-6,cPTM3EpvX2Ax32FT+LuFHI4ZLIU=,4gPpWXsnNgtx1vnfVVPGGipm0i0=
10,-7,cPTM3EpvX2Ax32FT+LuFHI4ZLIU=,WN+R7Wb9IDL0SxsGXqh3shkEkGA=
8,-6,cPTM3EpvX2Ax32FT+LuFHI4ZLIU=,WN+R7Wb9IDL0SxsGXqh3shkEkGA=
9,-6,cPTM3EpvX2Ax32FT+LuFHI4ZLIU=,WN+R7Wb9IDL0SxsGXqh3shkEkGA=
10,-6,cPTM3EpvX2Ax32FT+LuFHI4ZLIU=,WN+R7Wb9IDL0SxsGXqh3shkEkGA=
7,-4,cPTM3EpvX2Ax32FT+LuFHI4ZLIU=,dOnKu5nRoEd38tE+OMw/bphaqvw=
7,-5,cPTM3EpvX2Ax32FT+LuFHI4ZLIU=,4gPpWXsnNgtx1vnfVVPGGipm0i0=
6,-7,cPTM3EpvX2Ax32FT+LuFHI4ZLIU=,4gPpWXsnNgtx1vnfVVPGGipm0i0=
14,-15,cPTM3EpvX2Ax32FT+LuFHI4ZLIU=,NQHuhbH0dF/zSX4dI21ftw2n2hE=
14,-14,cPTM3EpvX2Ax32FT+LuFHI4ZLIU=,NQHuhbH0dF/zSX4dI21ftw2n2hE=
13,-15,Q2XhMwT+e4wBPEJx5q6CtOGwoa8=,NQHuhbH0dF/zSX4dI21ftw2n2hE=
13,-14,Q2XhMwT+e4wBPEJx5q6CtOGwoa8=,NQHuhbH0dF/zSX4dI21ftw2n2hE=
9,-15,Q2XhMwT+e4wBPEJx5q6CtOGwoa8=,fzj+noJEI1eP7WA41/Fowl9JQfY=
10,-15,dIXDrotES17QUVgQGZ5o00FNDSY=,fzj+noJEI1eP7WA41/Fowl9JQfY=
11,-15,dIXDrotES17QUVgQGZ5o00FNDSY=,fzj+noJEI1eP7WA41/Fowl9JQfY=
12,-15,dIXDrotES17QUVgQGZ5o00FNDSY=,NQHuhbH0dF/zSX4dI21ftw2n2hE=
12,-14,dIXDrotES17QUVgQGZ5o00FNDSY=,NQHuhbH0dF/zSX4dI21ftw2n2hE=
9,-14,dIXDrotES17QUVgQGZ5o00FNDSY=,fzj+noJEI1eP7WA41/Fowl9JQfY=
10,-14,dIXDrotES17QUVgQGZ5o00FNDSY=,fzj+noJEI1eP7WA41/Fowl9JQfY=
11,-14,dIXDrotES17QUVgQGZ5o00FNDSY=,fzj+noJEI1eP7WA41/Fowl9JQfY=
10,-10,dIXDrotES17QUVgQGZ5o00FNDSY=,XpOivbO8ZKvlEpqo7N7K5N/GQWM=
10,-11,dIXDrotES17QUVgQGZ5o00FNDSY=,XpOivbO8ZKvlEpqo7N7K5N/GQWM=
9,-10,dIXDrotES17QUVgQGZ5o00FNDSY=,XpOivbO8ZKvlEpqo7N7K5N/GQWM=
10,-9,dIXDrotES17QUVgQGZ5o00FNDSY=,XpOivbO8ZKvlEpqo7N7K5N/GQWM=
9,-13,dIXDrotES17QUVgQGZ5o00FNDSY=,fzj+noJEI1eP7WA41/Fowl9JQfY=
10,-13,dIXDrotES17QUVgQGZ5o00FNDSY=,fzj+noJEI1eP7WA41/Fowl9JQfY=
9,-12,dIXDrotES17QUVgQGZ5o00FNDSY=,XpOivbO8ZKvlEpqo7N7K5N/GQWM=
9,-9,dIXDrotES17QUVgQGZ5o00FNDSY=,XpOivbO8ZKvlEpqo7N7K5N/GQWM=
9,-8,dIXDrotES17QUVgQGZ5o00FNDSY=,WN+R7Wb9IDL0SxsGXqh3shkEkGA=
10,-12,dIXDrotES17QUVgQGZ5o00FNDSY=,XpOivbO8ZKvlEpqo7N7K5N/GQWM=
9,-11,dIXDrotES17QUVgQGZ5o00FNDSY=,XpOivbO8ZKvlEpqo7N7K5N/GQWM=
10,-8,dIXDrotES17QUVgQGZ5o00FNDSY=,WN+R7Wb9IDL0SxsGXqh3shkEkGA=
12,-13,dIXDrotES17QUVgQGZ5o00FNDSY=,NQHuhbH0dF/zSX4dI21ftw2n2hE=
13,-13,dIXDrotES17QUVgQGZ5o00FNDSY=,NQHuhbH0dF/zSX4dI21ftw2n2hE=
14,-10,dIXDrotES17QUVgQGZ5o00FNDSY=,AI5h01chzfMg3eJGbFZUqsedVJU=
14,-13,dIXDrotES17QUVgQGZ5o00FNDSY=,NQHuhbH0dF/zSX4dI21ftw2n2hE=
11,-13,dIXDrotES17QUVgQGZ5o00FNDSY=,fzj+noJEI1eP7WA41/Fowl9JQfY=
11,-10,dIXDrotES17QUVgQGZ5o00FNDSY=,XpOivbO8ZKvlEpqo7N7K5N/GQWM=
13,-10,dIXDrotES17QUVgQGZ5o00FNDSY=,AI5h01chzfMg3eJGbFZUqsedVJU=
12,-12,BV+4/6oRYbCCtJRfPO1714bpLfo=,AI5h01chzfMg3eJGbFZUqsedVJU=
11,-11,BV+4/6oRYbCCtJRfPO1714bpLfo=,XpOivbO8ZKvlEpqo7N7K5N/GQWM=
12,-10,BV+4/6oRYbCCtJRfPO1714bpLfo=,AI5h01chzfMg3eJGbFZUqsedVJU=
11,-12,BV+4/6oRYbCCtJRfPO1714bpLfo=,XpOivbO8ZKvlEpqo7N7K5N/GQWM=
14,-11,BV+4/6oRYbCCtJRfPO1714bpLfo=,AI5h01chzfMg3eJGbFZUqsedVJU=
13,-11,BV+4/6oRYbCCtJRfPO1714bpLfo=,AI5h01chzfMg3eJGbFZUqsedVJU=
13,-12,BV+4/6oRYbCCtJRfPO1714bpLfo=,AI5h01chzfMg3eJGbFZUqsedVJU=
12,-11,BV+4/6oRYbCCtJRfPO1714bpLfo=,AI5h01chzfMg3eJGbFZUqsedVJU=
14,-12,BV+4/6oRYbCCtJRfPO1714bpLfo=,AI5h01chzfMg3eJGbFZUqsedVJU=
5,-9,BV+4/6oRYbCCtJRfPO1714bpLfo=,Jwb7uTj+ms//0ASjp92bLcxT490=
6,-9,BV+4/6oRYbCCtJRfPO1714bpLfo=,Jwb7uTj+ms//0ASjp92bLcxT490=
8,-8,BV+4/6oRYbCCtJRfPO1714bpLfo=,WN+R7Wb9IDL0SxsGXqh3shkEkGA=
5,-11,BV+4/6oRYbCCtJRfPO1714bpLfo=,Jwb7uTj+ms//0ASjp92bLcxT490=
8,-10,BV+4/6oRYbCCtJRfPO1714bpLfo=,XpOivbO8ZKvlEpqo7N7K5N/GQWM=
8,-15,BV+4/6oRYbCCtJRfPO1714bpLfo=,fzj+noJEI1eP7WA41/Fowl9JQfY=
8,-13,BV+4/6oRYbCCtJRfPO1714bpLfo=,fzj+noJEI1eP7WA41/Fowl9JQfY=
6,-15,BV+4/6oRYbCCtJRfPO1714bpLfo=,JVNMPsMLWnVucXXXsFr/SdeR+Q8=
5,-15,BV+4/6oRYbCCtJRfPO1714bpLfo=,JVNMPsMLWnVucXXXsFr/SdeR+Q8=
7,-12,BV+4/6oRYbCCtJRfPO1714bpLfo=,Jwb7uTj+ms//0ASjp92bLcxT490=
6,-11,BV+4/6oRYbCCtJRfPO1714bpLfo=,Jwb7uTj+ms//0ASjp92bLcxT490=
8,-9,BV+4/6oRYbCCtJRfPO1714bpLfo=,XpOivbO8ZKvlEpqo7N7K5N/GQWM=
7,-9,BV+4/6oRYbCCtJRfPO1714bpLfo=,Jwb7uTj+ms//0ASjp92bLcxT490=
4,-11,BV+4/6oRYbCCtJRfPO1714bpLfo=,Jwb7uTj+ms//0ASjp92bLcxT490=
5,-8,BV+4/6oRYbCCtJRfPO1714bpLfo=,4gPpWXsnNgtx1vnfVVPGGipm0i0=
6,-12,BV+4/6oRYbCCtJRfPO1714bpLfo=,Jwb7uTj+ms//0ASjp92bLcxT490=
5,-12,BV+4/6oRYbCCtJRfPO1714bpLfo=,Jwb7uTj+ms//0ASjp92bLcxT490=
1,-11,BV+4/6oRYbCCtJRfPO1714bpLfo=,m/8WuXXZnrZK66N3xPhgTrVbA2Y=
7,-11,BV+4/6oRYbCCtJRfPO1714bpLfo=,Jwb7uTj+ms//0ASjp92bLcxT490=
7,-13,BV+4/6oRYbCCtJRfPO1714bpLfo=,JVNMPsMLWnVucXXXsFr/SdeR+Q8=
6,-13,BV+4/6oRYbCCtJRfPO1714bpLfo=,JVNMPsMLWnVucXXXsFr/SdeR+Q8=
8,-11,BV+4/6oRYbCCtJRfPO1714bpLfo=,XpOivbO8ZKvlEpqo7N7K5N/GQWM=
2,-11,BV+4/6oRYbCCtJRfPO1714bpLfo=,m/8WuXXZnrZK66N3xPhgTrVbA2Y=
5,-13,BV+4/6oRYbCCtJRfPO1714bpLfo=,JVNMPsMLWnVucXXXsFr/SdeR+Q8=
7,-15,ZmIrJGftqszBuSR/mj9KAAN3Apc=,JVNMPsMLWnVucXXXsFr/SdeR+Q8=
6,-8,ZmIrJGftqszBuSR/mj9KAAN3Apc=,4gPpWXsnNgtx1vnfVVPGGipm0i0=
3,-11,ZmIrJGftqszBuSR/mj9KAAN3Apc=,m/8WuXXZnrZK66N3xPhgTrVbA2Y=
3,-10,ZmIrJGftqszBuSR/mj9KAAN3Apc=,m/8WuXXZnrZK66N3xPhgTrVbA2Y=
8,-12,ZmIrJGftqszBuSR/mj9KAAN3Apc=,XpOivbO8ZKvlEpqo7N7K5N/GQWM=
5,-10,ZmIrJGftqszBuSR/mj9KAAN3Apc=,Jwb7uTj+ms//0ASjp92bLcxT490=
2,-10,ZmIrJGftqszBuSR/mj9KAAN3Apc=,m/8WuXXZnrZK66N3xPhgTrVbA2Y=
4,-10,ZmIrJGftqszBuSR/mj9KAAN3Apc=,Jwb7uTj+ms//0ASjp92bLcxT490=
5,-14,ZmIrJGftqszBuSR/mj9KAAN3Apc=,JVNMPsMLWnVucXXXsFr/SdeR+Q8=
6,-10,ZmIrJGftqszBuSR/mj9KAAN3Apc=,Jwb7uTj+ms//0ASjp92bLcxT490=
7,-14,ZmIrJGftqszBuSR/mj9KAAN3Apc=,JVNMPsMLWnVucXXXsFr/SdeR+Q8=
6,-14,ZmIrJGftqszBuSR/mj9KAAN3Apc=,JVNMPsMLWnVucXXXsFr/SdeR+Q8=
1,-10,ZmIrJGftqszBuSR/mj9KAAN3Apc=,m/8WuXXZnrZK66N3xPhgTrVbA2Y=
7,-8,ZmIrJGftqszBuSR/mj9KAAN3Apc=,4gPpWXsnNgtx1vnfVVPGGipm0i0=
4,-15,ZmIrJGftqszBuSR/mj9KAAN3Apc=,JVNMPsMLWnVucXXXsFr/SdeR+Q8=
3,-12,ZmIrJGftqszBuSR/mj9KAAN3Apc=,m/8WuXXZnrZK66N3xPhgTrVbA2Y=
4,-12,ZmIrJGftqszBuSR/mj9KAAN3Apc=,Jwb7uTj+ms//0ASjp92bLcxT490=
1,-13,ZmIrJGftqszBuSR/mj9KAAN3Apc=,VJKgift1zS/UVF5bI+TS73D6npk=
2,-12,ZmIrJGftqszBuSR/mj9KAAN3Apc=,m/8WuXXZnrZK66N3xPhgTrVbA2Y=
3,-14,ZmIrJGftqszBuSR/mj9KAAN3Apc=,VJKgift1zS/UVF5bI+TS73D6npk=
1,-15,ZmIrJGftqszBuSR/mj9KAAN3Apc=,VJKgift1zS/UVF5bI+TS73D6npk=
8,-14,ZmIrJGftqszBuSR/mj9KAAN3Apc=,fzj+noJEI1eP7WA41/Fowl9JQfY=
2,-14,ZmIrJGftqszBuSR/mj9KAAN3Apc=,VJKgift1zS/UVF5bI+TS73D6npk=
2,-15,ZmIrJGftqszBuSR/mj9KAAN3Apc=,VJKgift1zS/UVF5bI+TS73D6npk=
1,-14,ZmIrJGftqszBuSR/mj9KAAN3Apc=,VJKgift1zS/UVF5bI+TS73D6npk=
7,-10,ZmIrJGftqszBuSR/mj9KAAN3Apc=,Jwb7uTj+ms//0ASjp92bLcxT490=
3,-13,ZmIrJGftqszBuSR/mj9KAAN3Apc=,VJKgift1zS/UVF5bI+TS73D6npk=
2,-13,ZmIrJGftqszBuSR/mj9KAAN3Apc=,VJKgift1zS/UVF5bI+TS73D6npk=
4,-13,ZmIrJGftqszBuSR/mj9KAAN3Apc=,JVNMPsMLWnVucXXXsFr/SdeR+Q8=
3,-15,ZmIrJGftqszBuSR/mj9KAAN3Apc=,VJKgift1zS/UVF5bI+TS73D6npk=
4,-14,ZmIrJGftqszBuSR/mj9KAAN3Apc=,JVNMPsMLWnVucXXXsFr/SdeR+Q8=
1,-12,ZmIrJGftqszBuSR/mj9KAAN3Apc=,m/8WuXXZnrZK66N3xPhgTrVbA2Y=
1,-16,ZmIrJGftqszBuSR/mj9KAAN3Apc=,VJKgift1zS/UVF5bI+TS73D6npk=
2,-16,ZmIrJGftqszBuSR/mj9KAAN3Apc=,VJKgift1zS/UVF5bI+TS73D6npk=
9,-1,ZmIrJGftqszBuSR/mj9KAAN3Apc=,MMVY7N2U9AdqlsqDeCYhfTb/lbU=
5,-1,ZmIrJGftqszBuSR/mj9KAAN3Apc=,dOnKu5nRoEd38tE+OMw/bphaqvw=
8,-1,ZmIrJGftqszBuSR/mj9KAAN3Apc=,MMVY7N2U9AdqlsqDeCYhfTb/lbU=
10,-1,ZmIrJGftqszBuSR/mj9KAAN3Apc=,MMVY7N2U9AdqlsqDeCYhfTb/lbU=
6,-1,ZmIrJGftqszBuSR/mj9KAAN3Apc=,dOnKu5nRoEd38tE+OMw/bphaqvw=
7,-1,ZmIrJGftqszBuSR/mj9KAAN3Apc=,dOnKu5nRoEd38tE+OMw/bphaqvw=
4,-7,ZmIrJGftqszBuSR/mj9KAAN3Apc=,4gPpWXsnNgtx1vnfVVPGGipm0i0=
4,-6,ZmIrJGftqszBuSR/mj9KAAN3Apc=,4gPpWXsnNgtx1vnfVVPGGipm0i0=
4,-9,ZmIrJGftqszBuSR/mj9KAAN3Apc=,Jwb7uTj+ms//0ASjp92bLcxT490=
4,-8,ZmIrJGftqszBuSR/mj9KAAN3Apc=,4gPpWXsnNgtx1vnfVVPGGipm0i0=
1,-9,ZmIrJGftqszBuSR/mj9KAAN3Apc=,m/8WuXXZnrZK66N3xPhgTrVbA2Y=
4,-5,ZmIrJGftqszBuSR/mj9KAAN3Apc=,4gPpWXsnNgtx1vnfVVPGGipm0i0=
2,-9,ZmIrJGftqszBuSR/mj9KAAN3Apc=,m/8WuXXZnrZK66N3xPhgTrVbA2Y=
4,-1,ZmIrJGftqszBuSR/mj9KAAN3Apc=,dOnKu5nRoEd38tE+OMw/bphaqvw=
1,-8,ZmIrJGftqszBuSR/mj9KAAN3Apc=,lzGTkAFImUZHNC3Yy+ldnhtr6OA=
4,-3,ZmIrJGftqszBuSR/mj9KAAN3Apc=,dOnKu5nRoEd38tE+OMw/bphaqvw=
0,-5,ZmIrJGftqszBuSR/mj9KAAN3Apc=,lzGTkAFImUZHNC3Yy+ldnhtr6OA=
2,-8,ZmIrJGftqszBuSR/mj9KAAN3Apc=,lzGTkAFImUZHNC3Yy+ldnhtr6OA=
3,-8,ZmIrJGftqszBuSR/mj9KAAN3Apc=,lzGTkAFImUZHNC3Yy+ldnhtr6OA=
1,-5,ZmIrJGftqszBuSR/mj9KAAN3Apc=,lzGTkAFImUZHNC3Yy+ldnhtr6OA=
0,-7,ZmIrJGftqszBuSR/mj9KAAN3Apc=,lzGTkAFImUZHNC3Yy+ldnhtr6OA=
2,-5,ZmIrJGftqszBuSR/mj9KAAN3Apc=,lzGTkAFImUZHNC3Yy+ldnhtr6OA=
1,-7,ZmIrJGftqszBuSR/mj9KAAN3Apc=,lzGTkAFImUZHNC3Yy+ldnhtr6OA=
0,-3,ZmIrJGftqszBuSR/mj9KAAN3Apc=,le3sr1OhmixtrfCuRSCV0ra2Olc=
2,-7,ZmIrJGftqszBuSR/mj9KAAN3Apc=,lzGTkAFImUZHNC3Yy+ldnhtr6OA=
3,-7,ZmIrJGftqszBuSR/mj9KAAN3Apc=,lzGTkAFImUZHNC3Yy+ldnhtr6OA=
4,-2,ZmIrJGftqszBuSR/mj9KAAN3Apc=,dOnKu5nRoEd38tE+OMw/bphaqvw=
3,-9,ZmIrJGftqszBuSR/mj9KAAN3Apc=,m/8WuXXZnrZK66N3xPhgTrVbA2Y=
3,-5,ZmIrJGftqszBuSR/mj9KAAN3Apc=,lzGTkAFImUZHNC3Yy+ldnhtr6OA=
0,-6,ZmIrJGftqszBuSR/mj9KAAN3Apc=,lzGTkAFImUZHNC3Yy+ldnhtr6OA=
0,-4,ZmIrJGftqszBuSR/mj9KAAN3Apc=,le3sr1OhmixtrfCuRSCV0ra2Olc=
1,-6,ZmIrJGftqszBuSR/mj9KAAN3Apc=,lzGTkAFImUZHNC3Yy+ldnhtr6OA=
1,-4,ZmIrJGftqszBuSR/mj9KAAN3Apc=,le3sr1OhmixtrfCuRSCV0ra2Olc=
2,-6,ZmIrJGftqszBuSR/mj9KAAN3Apc=,lzGTkAFImUZHNC3Yy+ldnhtr6OA=
1,-3,ZmIrJGftqszBuSR/mj9KAAN3Apc=,le3sr1OhmixtrfCuRSCV0ra2Olc=
3,-6,ZmIrJGftqszBuSR/mj9KAAN3Apc=,lzGTkAFImUZHNC3Yy+ldnhtr6OA=
2,-3,ZmIrJGftqszBuSR/mj9KAAN3Apc=,le3sr1OhmixtrfCuRSCV0ra2Olc=
2,-4,ZmIrJGftqszBuSR/mj9KAAN3Apc=,le3sr1OhmixtrfCuRSCV0ra2Olc=
3,-3,ZmIrJGftqszBuSR/mj9KAAN3Apc=,le3sr1OhmixtrfCuRSCV0ra2Olc=
0,-2,ZmIrJGftqszBuSR/mj9KAAN3Apc=,le3sr1OhmixtrfCuRSCV0ra2Olc=
3,-4,ZmIrJGftqszBuSR/mj9KAAN3Apc=,le3sr1OhmixtrfCuRSCV0ra2Olc=
1,-2,ZmIrJGftqszBuSR/mj9KAAN3Apc=,le3sr1OhmixtrfCuRSCV0ra2Olc=
1,-1,ZmIrJGftqszBuSR/mj9KAAN3Apc=,le3sr1OhmixtrfCuRSCV0ra2Olc=
4,-4,ZmIrJGftqszBuSR/mj9KAAN3Apc=,dOnKu5nRoEd38tE+OMw/bphaqvw=
2,-2,ZmIrJGftqszBuSR/mj9KAAN3Apc=,le3sr1OhmixtrfCuRSCV0ra2Olc=
3,-1,ZmIrJGftqszBuSR/mj9KAAN3Apc=,le3sr1OhmixtrfCuRSCV0ra2Olc=
2,-1,ZmIrJGftqszBuSR/mj9KAAN3Apc=,le3sr1OhmixtrfCuRSCV0ra2Olc=
3,-2,ZmIrJGftqszBuSR/mj9KAAN3Apc=,le3sr1OhmixtrfCuRSCV0ra2Olc=
13,-3,ZmIrJGftqszBuSR/mj9KAAN3Apc=,Un+jjRLgfAs0JTaWFLnfKlDXwPc=
14,-3,ZmIrJGftqszBuSR/mj9KAAN3Apc=,Un+jjRLgfAs0JTaWFLnfKlDXwPc=
13,-2,ZmIrJGftqszBuSR/mj9KAAN3Apc=,Un+jjRLgfAs0JTaWFLnfKlDXwPc=
11,-2,ZmIrJGftqszBuSR/mj9KAAN3Apc=,MMVY7N2U9AdqlsqDeCYhfTb/lbU=
14,-2,ZmIrJGftqszBuSR/mj9KAAN3Apc=,Un+jjRLgfAs0JTaWFLnfKlDXwPc=
12,-2,ZmIrJGftqszBuSR/mj9KAAN3Apc=,Un+jjRLgfAs0JTaWFLnfKlDXwPc=
12,-3,ZmIrJGftqszBuSR/mj9KAAN3Apc=,Un+jjRLgfAs0JTaWFLnfKlDXwPc=
11,-3,ZmIrJGftqszBuSR/mj9KAAN3Apc=,MMVY7N2U9AdqlsqDeCYhfTb/lbU=
15,-10,ZmIrJGftqszBuSR/mj9KAAN3Apc=,AI5h01chzfMg3eJGbFZUqsedVJU=
15,-11,ZmIrJGftqszBuSR/mj9KAAN3Apc=,AI5h01chzfMg3eJGbFZUqsedVJU=
15,-13,ZmIrJGftqszBuSR/mj9KAAN3Apc=,NQHuhbH0dF/zSX4dI21ftw2n2hE=
15,-15,ZmIrJGftqszBuSR/mj9KAAN3Apc=,NQHuhbH0dF/zSX4dI21ftw2n2hE=
15,-3,ZmIrJGftqszBuSR/mj9KAAN3Apc=,Un+jjRLgfAs0JTaWFLnfKlDXwPc=
13,-4,ZmIrJGftqszBuSR/mj9KAAN3Apc=,Un+jjRLgfAs0JTaWFLnfKlDXwPc=
15,-12,ZmIrJGftqszBuSR/mj9KAAN3Apc=,AI5h01chzfMg3eJGbFZUqsedVJU=
14,-6,ZmIrJGftqszBuSR/mj9KAAN3Apc=,l7CfSVs6NBVll3CA/nARNaXVVP4=
15,-14,ZmIrJGftqszBuSR/mj9KAAN3Apc=,NQHuhbH0dF/zSX4dI21ftw2n2hE=
14,-16,ZmIrJGftqszBuSR/mj9KAAN3Apc=,NQHuhbH0dF/zSX4dI21ftw2n2hE=
15,-2,ZmIrJGftqszBuSR/mj9KAAN3Apc=,Un+jjRLgfAs0JTaWFLnfKlDXwPc=
13,-16,ZmIrJGftqszBuSR/mj9KAAN3Apc=,NQHuhbH0dF/zSX4dI21ftw2n2hE=
15,-16,ZmIrJGftqszBuSR/mj9KAAN3Apc=,NQHuhbH0dF/zSX4dI21ftw2n2hE=
15,-6,ZmIrJGftqszBuSR/mj9KAAN3Apc=,l7CfSVs6NBVll3CA/nARNaXVVP4=
0,-1,ZmIrJGftqszBuSR/mj9KAAN3Apc=,le3sr1OhmixtrfCuRSCV0ra2Olc=
12,-16,ZmIrJGftqszBuSR/mj9KAAN3Apc=,NQHuhbH0dF/zSX4dI21ftw2n2hE=
12,-4,ZmIrJGftqszBuSR/mj9KAAN3Apc=,Un+jjRLgfAs0JTaWFLnfKlDXwPc=
8,-16,ZmIrJGftqszBuSR/mj9KAAN3Apc=,fzj+noJEI1eP7WA41/Fowl9JQfY=
9,-16,ZmIrJGftqszBuSR/mj9KAAN3Apc=,fzj+noJEI1eP7WA41/Fowl9JQfY=
12,-5,ZmIrJGftqszBuSR/mj9KAAN3Apc=,l7CfSVs6NBVll3CA/nARNaXVVP4=
10,-16,ZmIrJGftqszBuSR/mj9KAAN3Apc=,fzj+noJEI1eP7WA41/Fowl9JQfY=
7,-16,ZmIrJGftqszBuSR/mj9KAAN3Apc=,JVNMPsMLWnVucXXXsFr/SdeR+Q8=
11,-16,ZmIrJGftqszBuSR/mj9KAAN3Apc=,fzj+noJEI1eP7WA41/Fowl9JQfY=
4,-16,ZmIrJGftqszBuSR/mj9KAAN3Apc=,JVNMPsMLWnVucXXXsFr/SdeR+Q8=
12,-9,ZmIrJGftqszBuSR/mj9KAAN3Apc=,AI5h01chzfMg3eJGbFZUqsedVJU=
5,-16,ZmIrJGftqszBuSR/mj9KAAN3Apc=,JVNMPsMLWnVucXXXsFr/SdeR+Q8=
13,-8,ZmIrJGftqszBuSR/mj9KAAN3Apc=,l7CfSVs6NBVll3CA/nARNaXVVP4=
6,-16,ZmIrJGftqszBuSR/mj9KAAN3Apc=,JVNMPsMLWnVucXXXsFr/SdeR+Q8=
3,-16,ZmIrJGftqszBuSR/mj9KAAN3Apc=,VJKgift1zS/UVF5bI+TS73D6npk=
11,-6,ZmIrJGftqszBuSR/mj9KAAN3Apc=,WN+R7Wb9IDL0SxsGXqh3shkEkGA=
0,-11,ZmIrJGftqszBuSR/mj9KAAN3Apc=,m/8WuXXZnrZK66N3xPhgTrVbA2Y=
13,-6,ZmIrJGftqszBuSR/mj9KAAN3Apc=,l7CfSVs6NBVll3CA/nARNaXVVP4=
0,-9,ZmIrJGftqszBuSR/mj9KAAN3Apc=,m/8WuXXZnrZK66N3xPhgTrVbA2Y=
0,-10,ZmIrJGftqszBuSR/mj9KAAN3Apc=,m/8WuXXZnrZK66N3xPhgTrVbA2Y=
12,-6,ZmIrJGftqszBuSR/mj9KAAN3Apc=,l7CfSVs6NBVll3CA/nARNaXVVP4=
14,-1,ZmIrJGftqszBuSR/mj9KAAN3Apc=,Un+jjRLgfAs0JTaWFLnfKlDXwPc=
0,-8,ZmIrJGftqszBuSR/mj9KAAN3Apc=,lzGTkAFImUZHNC3Yy+ldnhtr6OA=
0,-16,ZmIrJGftqszBuSR/mj9KAAN3Apc=,VJKgift1zS/UVF5bI+TS73D6npk=
15,-1,ZmIrJGftqszBuSR/mj9KAAN3Apc=,Un+jjRLgfAs0JTaWFLnfKlDXwPc=
12,-1,ZmIrJGftqszBuSR/mj9KAAN3Apc=,Un+jjRLgfAs0JTaWFLnfKlDXwPc=
0,-13,ZmIrJGftqszBuSR/mj9KAAN3Apc=,VJKgift1zS/UVF5bI+TS73D6npk=
0,-15,ZmIrJGftqszBuSR/mj9KAAN3Apc=,VJKgift1zS/UVF5bI+TS73D6npk=
0,-14,ZmIrJGftqszBuSR/mj9KAAN3Apc=,VJKgift1zS/UVF5bI+TS73D6npk=
0,-12,ZmIrJGftqszBuSR/mj9KAAN3Apc=,m/8WuXXZnrZK66N3xPhgTrVbA2Y=
13,-1,ZmIrJGftqszBuSR/mj9KAAN3Apc=,Un+jjRLgfAs0JTaWFLnfKlDXwPc=
11,-1,ZmIrJGftqszBuSR/mj9KAAN3Apc=,MMVY7N2U9AdqlsqDeCYhfTb/lbU=
12,-8,ZmIrJGftqszBuSR/mj9KAAN3Apc=,l7CfSVs6NBVll3CA/nARNaXVVP4=
13,-7,ZmIrJGftqszBuSR/mj9KAAN3Apc=,l7CfSVs6NBVll3CA/nARNaXVVP4=
15,-4,ZmIrJGftqszBuSR/mj9KAAN3Apc=,Un+jjRLgfAs0JTaWFLnfKlDXwPc=
11,-9,ZmIrJGftqszBuSR/mj9KAAN3Apc=,XpOivbO8ZKvlEpqo7N7K5N/GQWM=
15,-9,ZmIrJGftqszBuSR/mj9KAAN3Apc=,AI5h01chzfMg3eJGbFZUqsedVJU=
15,-7,ZmIrJGftqszBuSR/mj9KAAN3Apc=,l7CfSVs6NBVll3CA/nARNaXVVP4=
12,-7,ZmIrJGftqszBuSR/mj9KAAN3Apc=,l7CfSVs6NBVll3CA/nARNaXVVP4=
11,-7,ZmIrJGftqszBuSR/mj9KAAN3Apc=,WN+R7Wb9IDL0SxsGXqh3shkEkGA=
11,-5,ZmIrJGftqszBuSR/mj9KAAN3Apc=,WN+R7Wb9IDL0SxsGXqh3shkEkGA=
14,-9,ZmIrJGftqszBuSR/mj9KAAN3Apc=,AI5h01chzfMg3eJGbFZUqsedVJU=
11,-8,ZmIrJGftqszBuSR/mj9KAAN3Apc=,WN+R7Wb9IDL0SxsGXqh3shkEkGA=
13,-5,ZmIrJGftqszBuSR/mj9KAAN3Apc=,l7CfSVs6NBVll3CA/nARNaXVVP4=
11,-4,ZmIrJGftqszBuSR/mj9KAAN3Apc=,MMVY7N2U9AdqlsqDeCYhfTb/lbU=
14,-4,ZmIrJGftqszBuSR/mj9KAAN3Apc=,Un+jjRLgfAs0JTaWFLnfKlDXwPc=
13,-9,ZmIrJGftqszBuSR/mj9KAAN3Apc=,AI5h01chzfMg3eJGbFZUqsedVJU=
15,-8,ZmIrJGftqszBuSR/mj9KAAN3Apc=,l7CfSVs6NBVll3CA/nARNaXVVP4=
14,-5,ZmIrJGftqszBuSR/mj9KAAN3Apc=,l7CfSVs6NBVll3CA/nARNaXVVP4=
15,-5,ZmIrJGftqszBuSR/mj9KAAN3Apc=,l7CfSVs6NBVll3CA/nARNaXVVP4=
14,-7,ZmIrJGftqszBuSR/mj9KAAN3Apc=,l7CfSVs6NBVll3CA/nARNaXVVP4=
14,-8,ZmIrJGftqszBuSR/mj9KAAN3Apc=,l7CfSVs6NBVll3CA/nARNaXVVP4=
