-20,45,9+9mcgbZGo3DUrAUdxTFiQP70Io=,LUMBS1R6Eke1Dv4ALL14S4OT3Zg=
-19,44,RHf10AXPxcoY2GMqjwLRuUMRXSQ=,LUMBS1R6Eke1Dv4ALL14S4OT3Zg=
-21,45,RHf10AXPxcoY2GMqjwLRuUMRXSQ=,LUMBS1R6Eke1Dv4ALL14S4OT3Zg=
-22,45,RHf10AXPxcoY2GMqjwLRuUMRXSQ=,LUMBS1R6Eke1Dv4ALL14S4OT3Zg=
-18,41,RHf10AXPxcoY2GMqjwLRuUMRXSQ=,LUMBS1R6Eke1Dv4ALL14S4OT3Zg=
-23,45,RHf10AXPxcoY2GMqjwLRuUMRXSQ=,LUMBS1R6Eke1Dv4ALL14S4OT3Zg=
-23,41,RHf10AXPxcoY2GMqjwLRuUMRXSQ=,LUMBS1R6Eke1Dv4ALL14S4OT3Zg=
-17,41,RHf10AXPxcoY2GMqjwLRuUMRXSQ=,LUMBS1R6Eke1Dv4ALL14S4OT3Zg=
-24,45,RHf10AXPxcoY2GMqjwLRuUMRXSQ=,LUMBS1R6Eke1Dv4ALL14S4OT3Zg=
-18,44,RHf10AXPxcoY2GMqjwLRuUMRXSQ=,LUMBS1R6Eke1Dv4ALL14S4OT3Zg=
-19,41,RHf10AXPxcoY2GMqjwLRuUMRXSQ=,LUMBS1R6Eke1Dv4ALL14S4OT3Zg=
-17,47,RHf10AXPxcoY2GMqjwLRuUMRXSQ=,LUMBS1R6Eke1Dv4ALL14S4OT3Zg=
-20,41,RHf10AXPxcoY2GMqjwLRuUMRXSQ=,LUMBS1R6Eke1Dv4ALL14S4OT3Zg=
-19,43,RHf10AXPxcoY2GMqjwLRuUMRXSQ=,LUMBS1R6Eke1Dv4ALL14S4OT3Zg=
-24,41,RHf10AXPxcoY2GMqjwLRuUMRXSQ=,LUMBS1R6Eke1Dv4ALL14S4OT3Zg=
-18,42,RHf10AXPxcoY2GMqjwLRuUMRXSQ=,LUMBS1R6Eke1Dv4ALL14S4OT3Zg=
-19,42,RHf10AXPxcoY2GMqjwLRuUMRXSQ=,LUMBS1R6Eke1Dv4ALL14S4OT3Zg=
-17,42,RHf10AXPxcoY2GMqjwLRuUMRXSQ=,LUMBS1R6Eke1Dv4ALL14S4OT3Zg=
-18,47,RHf10AXPxcoY2GMqjwLRuUMRXSQ=,LUMBS1R6Eke1Dv4ALL14S4OT3Zg=
-19,47,RHf10AXPxcoY2GMqjwLRuUMRXSQ=,LUMBS1R6Eke1Dv4ALL14S4OT3Zg=
-21,41,RHf10AXPxcoY2GMqjwLRuUMRXSQ=,LUMBS1R6Eke1Dv4ALL14S4OT3Zg=
-20,47,RHf10AXPxcoY2GMqjwLRuUMRXSQ=,LUMBS1R6Eke1Dv4ALL14S4OT3Zg=
-20,43,RHf10AXPxcoY2GMqjwLRuUMRXSQ=,LUMBS1R6Eke1Dv4ALL14S4OT3Zg=
-20,42,RHf10AXPxcoY2GMqjwLRuUMRXSQ=,LUMBS1R6Eke1Dv4ALL14S4OT3Zg=
-21,47,RHf10AXPxcoY2GMqjwLRuUMRXSQ=,LUMBS1R6Eke1Dv4ALL14S4OT3Zg=
-21,42,RHf10AXPxcoY2GMqjwLRuUMRXSQ=,LUMBS1R6Eke1Dv4ALL14S4OT3Zg=
-21,43,RHf10AXPxcoY2GMqjwLRuUMRXSQ=,LUMBS1R6Eke1Dv4ALL14S4OT3Zg=
-22,47,RHf10AXPxcoY2GMqjwLRuUMRXSQ=,LUMBS1R6Eke1Dv4ALL14S4OT3Zg=
-23,47,RHf10AXPxcoY2GMqjwLRuUMRXSQ=,LUMBS1R6Eke1Dv4ALL14S4OT3Zg=
-24,47,RHf10AXPxcoY2GMqjwLRuUMRXSQ=,LUMBS1R6Eke1Dv4ALL14S4OT3Zg=
-22,43,RHf10AXPxcoY2GMqjwLRuUMRXSQ=,LUMBS1R6Eke1Dv4ALL14S4OT3Zg=
-23,43,RHf10AXPxcoY2GMqjwLRuUMRXSQ=,LUMBS1R6Eke1Dv4ALL14S4OT3Zg=
-22,42,RHf10AXPxcoY2GMqjwLRuUMRXSQ=,LUMBS1R6Eke1Dv4ALL14S4OT3Zg=
-23,42,RHf10AXPxcoY2GMqjwLRuUMRXSQ=,LUMBS1R6Eke1Dv4ALL14S4OT3Zg=
-24,43,RHf10AXPxcoY2GMqjwLRuUMRXSQ=,LUMBS1R6Eke1Dv4ALL14S4OT3Zg=
-24,42,RHf10AXPxcoY2GMqjwLRuUMRXSQ=,LUMBS1R6Eke1Dv4ALL14S4OT3Zg=
-20,44,RHf10AXPxcoY2GMqjwLRuUMRXSQ=,LUMBS1R6Eke1Dv4ALL14S4OT3Zg=
-21,44,RHf10AXPxcoY2GMqjwLRuUMRXSQ=,LUMBS1R6Eke1Dv4ALL14S4OT3Zg=
-22,44,RHf10AXPxcoY2GMqjwLRuUMRXSQ=,LUMBS1R6Eke1Dv4ALL14S4OT3Zg=
-17,46,RHf10AXPxcoY2GMqjwLRuUMRXSQ=,LUMBS1R6Eke1Dv4ALL14S4OT3Zg=
-23,44,RHf10AXPxcoY2GMqjwLRuUMRXSQ=,LUMBS1R6Eke1Dv4ALL14S4OT3Zg=
-24,44,RHf10AXPxcoY2GMqjwLRuUMRXSQ=,LUMBS1R6Eke1Dv4ALL14S4OT3Zg=
-17,44,RHf10AXPxcoY2GMqjwLRuUMRXSQ=,LUMBS1R6Eke1Dv4ALL14S4OT3Zg=
-18,46,RHf10AXPxcoY2GMqjwLRuUMRXSQ=,LUMBS1R6Eke1Dv4ALL14S4OT3Zg=
-19,46,RHf10AXPxcoY2GMqjwLRuUMRXSQ=,LUMBS1R6Eke1Dv4ALL14S4OT3Zg=
-20,46,RHf10AXPxcoY2GMqjwLRuUMRXSQ=,LUMBS1R6Eke1Dv4ALL14S4OT3Zg=
-21,46,RHf10AXPxcoY2GMqjwLRuUMRXSQ=,LUMBS1R6Eke1Dv4ALL14S4OT3Zg=
-22,41,RHf10AXPxcoY2GMqjwLRuUMRXSQ=,LUMBS1R6Eke1Dv4ALL14S4OT3Zg=
-23,46,RHf10AXPxcoY2GMqjwLRuUMRXSQ=,LUMBS1R6Eke1Dv4ALL14S4OT3Zg=
-22,46,RHf10AXPxcoY2GMqjwLRuUMRXSQ=,LUMBS1R6Eke1Dv4ALL14S4OT3Zg=
-24,46,RHf10AXPxcoY2GMqjwLRuUMRXSQ=,LUMBS1R6Eke1Dv4ALL14S4OT3Zg=
-18,43,RHf10AXPxcoY2GMqjwLRuUMRXSQ=,LUMBS1R6Eke1Dv4ALL14S4OT3Zg=
-18,45,RHf10AXPxcoY2GMqjwLRuUMRXSQ=,LUMBS1R6Eke1Dv4ALL14S4OT3Zg=
-19,45,RHf10AXPxcoY2GMqjwLRuUMRXSQ=,LUMBS1R6Eke1Dv4ALL14S4OT3Zg=
-17,45,RHf10AXPxcoY2GMqjwLRuUMRXSQ=,LUMBS1R6Eke1Dv4ALL14S4OT3Zg=
-17,43,RHf10AXPxcoY2GMqjwLRuUMRXSQ=,LUMBS1R6Eke1Dv4ALL14S4OT3Zg=
-20,35,RHf10AXPxcoY2GMqjwLRuUMRXSQ=,jbAOEodkBLHU4cXsHDKG+qFMuV8=
-19,35,RHf10AXPxcoY2GMqjwLRuUMRXSQ=,jbAOEodkBLHU4cXsHDKG+qFMuV8=
-18,35,RHf10AXPxcoY2GMqjwLRuUMRXSQ=,jbAOEodkBLHU4cXsHDKG+qFMuV8=
-20,40,RHf10AXPxcoY2GMqjwLRuUMRXSQ=,LUMBS1R6Eke1Dv4ALL14S4OT3Zg=
-17,39,RHf10AXPxcoY2GMqjwLRuUMRXSQ=,jbAOEodkBLHU4cXsHDKG+qFMuV8=
-18,39,RHf10AXPxcoY2GMqjwLRuUMRXSQ=,jbAOEodkBLHU4cXsHDKG+qFMuV8=
-21,35,RHf10AXPxcoY2GMqjwLRuUMRXSQ=,jbAOEodkBLHU4cXsHDKG+qFMuV8=
-22,35,RHf10AXPxcoY2GMqjwLRuUMRXSQ=,jbAOEodkBLHU4cXsHDKG+qFMuV8=
-23,35,RHf10AXPxcoY2GMqjwLRuUMRXSQ=,jbAOEodkBLHU4cXsHDKG+qFMuV8=
-19,39,RHf10AXPxcoY2GMqjwLRuUMRXSQ=,jbAOEodkBLHU4cXsHDKG+qFMuV8=
-20,39,RHf10AXPxcoY2GMqjwLRuUMRXSQ=,jbAOEodkBLHU4cXsHDKG+qFMuV8=
-24,35,RHf10AXPxcoY2GMqjwLRuUMRXSQ=,jbAOEodkBLHU4cXsHDKG+qFMuV8=
-17,35,RHf10AXPxcoY2GMqjwLRuUMRXSQ=,jbAOEodkBLHU4cXsHDKG+qFMuV8=
-24,36,RHf10AXPxcoY2GMqjwLRuUMRXSQ=,jbAOEodkBLHU4cXsHDKG+qFMuV8=
-23,36,RHf10AXPxcoY2GMqjwLRuUMRXSQ=,jbAOEodkBLHU4cXsHDKG+qFMuV8=
-22,36,RHf10AXPxcoY2GMqjwLRuUMRXSQ=,jbAOEodkBLHU4cXsHDKG+qFMuV8=
-21,36,RHf10AXPxcoY2GMqjwLRuUMRXSQ=,jbAOEodkBLHU4cXsHDKG+qFMuV8=
-20,36,RHf10AXPxcoY2GMqjwLRuUMRXSQ=,jbAOEodkBLHU4cXsHDKG+qFMuV8=
-19,40,RHf10AXPxcoY2GMqjwLRuUMRXSQ=,LUMBS1R6Eke1Dv4ALL14S4OT3Zg=
-19,36,RHf10AXPxcoY2GMqjwLRuUMRXSQ=,jbAOEodkBLHU4cXsHDKG+qFMuV8=
-18,36,RHf10AXPxcoY2GMqjwLRuUMRXSQ=,jbAOEodkBLHU4cXsHDKG+qFMuV8=
-19,34,RHf10AXPxcoY2GMqjwLRuUMRXSQ=,jbAOEodkBLHU4cXsHDKG+qFMuV8=
-20,34,RHf10AXPxcoY2GMqjwLRuUMRXSQ=,jbAOEodkBLHU4cXsHDKG+qFMuV8=
-21,39,RHf10AXPxcoY2GMqjwLRuUMRXSQ=,jbAOEodkBLHU4cXsHDKG+qFMuV8=
-21,34,RHf10AXPxcoY2GMqjwLRuUMRXSQ=,jbAOEodkBLHU4cXsHDKG+qFMuV8=
-22,34,RHf10AXPxcoY2GMqjwLRuUMRXSQ=,jbAOEodkBLHU4cXsHDKG+qFMuV8=
-23,34,RHf10AXPxcoY2GMqjwLRuUMRXSQ=,jbAOEodkBLHU4cXsHDKG+qFMuV8=
-24,34,RHf10AXPxcoY2GMqjwLRuUMRXSQ=,jbAOEodkBLHU4cXsHDKG+qFMuV8=
-22,39,RHf10AXPxcoY2GMqjwLRuUMRXSQ=,jbAOEodkBLHU4cXsHDKG+qFMuV8=
-18,34,RHf10AXPxcoY2GMqjwLRuUMRXSQ=,jbAOEodkBLHU4cXsHDKG+qFMuV8=
-17,34,RHf10AXPxcoY2GMqjwLRuUMRXSQ=,jbAOEodkBLHU4cXsHDKG+qFMuV8=
-19,33,RHf10AXPxcoY2GMqjwLRuUMRXSQ=,jbAOEodkBLHU4cXsHDKG+qFMuV8=
-23,39,RHf10AXPxcoY2GMqjwLRuUMRXSQ=,jbAOEodkBLHU4cXsHDKG+qFMuV8=
-21,40,RHf10AXPxcoY2GMqjwLRuUMRXSQ=,LUMBS1R6Eke1Dv4ALL14S4OT3Zg=
-20,33,RHf10AXPxcoY2GMqjwLRuUMRXSQ=,jbAOEodkBLHU4cXsHDKG+qFMuV8=
-21,33,RHf10AXPxcoY2GMqjwLRuUMRXSQ=,jbAOEodkBLHU4cXsHDKG+qFMuV8=
-22,33,RHf10AXPxcoY2GMqjwLRuUMRXSQ=,jbAOEodkBLHU4cXsHDKG+qFMuV8=
-24,39,RHf10AXPxcoY2GMqjwLRuUMRXSQ=,jbAOEodkBLHU4cXsHDKG+qFMuV8=
-23,33,RHf10AXPxcoY2GMqjwLRuUMRXSQ=,jbAOEodkBLHU4cXsHDKG+qFMuV8=
-18,33,RHf10AXPxcoY2GMqjwLRuUMRXSQ=,jbAOEodkBLHU4cXsHDKG+qFMuV8=
-24,33,RHf10AXPxcoY2GMqjwLRuUMRXSQ=,jbAOEodkBLHU4cXsHDKG+qFMuV8=
-17,33,RHf10AXPxcoY2GMqjwLRuUMRXSQ=,jbAOEodkBLHU4cXsHDKG+qFMuV8=
-17,38,RHf10AXPxcoY2GMqjwLRuUMRXSQ=,jbAOEodkBLHU4cXsHDKG+qFMuV8=
-19,32,RHf10AXPxcoY2GMqjwLRuUMRXSQ=,jbAOEodkBLHU4cXsHDKG+qFMuV8=
-20,32,RHf10AXPxcoY2GMqjwLRuUMRXSQ=,jbAOEodkBLHU4cXsHDKG+qFMuV8=
-21,32,RHf10AXPxcoY2GMqjwLRuUMRXSQ=,jbAOEodkBLHU4cXsHDKG+qFMuV8=
-22,32,RHf10AXPxcoY2GMqjwLRuUMRXSQ=,jbAOEodkBLHU4cXsHDKG+qFMuV8=
-23,32,RHf10AXPxcoY2GMqjwLRuUMRXSQ=,jbAOEodkBLHU4cXsHDKG+qFMuV8=
-24,32,RHf10AXPxcoY2GMqjwLRuUMRXSQ=,jbAOEodkBLHU4cXsHDKG+qFMuV8=
-18,32,RHf10AXPxcoY2GMqjwLRuUMRXSQ=,jbAOEodkBLHU4cXsHDKG+qFMuV8=
-17,32,RHf10AXPxcoY2GMqjwLRuUMRXSQ=,jbAOEodkBLHU4cXsHDKG+qFMuV8=
-19,38,RHf10AXPxcoY2GMqjwLRuUMRXSQ=,jbAOEodkBLHU4cXsHDKG+qFMuV8=
-20,38,RHf10AXPxcoY2GMqjwLRuUMRXSQ=,jbAOEodkBLHU4cXsHDKG+qFMuV8=
-21,38,RHf10AXPxcoY2GMqjwLRuUMRXSQ=,jbAOEodkBLHU4cXsHDKG+qFMuV8=
-22,38,RHf10AXPxcoY2GMqjwLRuUMRXSQ=,jbAOEodkBLHU4cXsHDKG+qFMuV8=
-23,38,RHf10AXPxcoY2GMqjwLRuUMRXSQ=,jbAOEodkBLHU4cXsHDKG+qFMuV8=
-24,38,RHf10AXPxcoY2GMqjwLRuUMRXSQ=,jbAOEodkBLHU4cXsHDKG+qFMuV8=
-22,40,RHf10AXPxcoY2GMqjwLRuUMRXSQ=,LUMBS1R6Eke1Dv4ALL14S4OT3Zg=
-23,40,RHf10AXPxcoY2GMqjwLRuUMRXSQ=,LUMBS1R6Eke1Dv4ALL14S4OT3Zg=
-18,38,RHf10AXPxcoY2GMqjwLRuUMRXSQ=,jbAOEodkBLHU4cXsHDKG+qFMuV8=
-19,37,RHf10AXPxcoY2GMqjwLRuUMRXSQ=,jbAOEodkBLHU4cXsHDKG+qFMuV8=
-18,37,RHf10AXPxcoY2GMqjwLRuUMRXSQ=,jbAOEodkBLHU4cXsHDKG+qFMuV8=
-20,37,RHf10AXPxcoY2GMqjwLRuUMRXSQ=,jbAOEodkBLHU4cXsHDKG+qFMuV8=
-24,40,RHf10AXPxcoY2GMqjwLRuUMRXSQ=,LUMBS1R6Eke1Dv4ALL14S4OT3Zg=
-22,37,RHf10AXPxcoY2GMqjwLRuUMRXSQ=,jbAOEodkBLHU4cXsHDKG+qFMuV8=
-21,37,RHf10AXPxcoY2GMqjwLRuUMRXSQ=,jbAOEodkBLHU4cXsHDKG+qFMuV8=
-18,40,RHf10AXPxcoY2GMqjwLRuUMRXSQ=,LUMBS1R6Eke1Dv4ALL14S4OT3Zg=
-23,37,RHf10AXPxcoY2GMqjwLRuUMRXSQ=,jbAOEodkBLHU4cXsHDKG+qFMuV8=
-24,37,RHf10AXPxcoY2GMqjwLRuUMRXSQ=,jbAOEodkBLHU4cXsHDKG+qFMuV8=
-17,37,RHf10AXPxcoY2GMqjwLRuUMRXSQ=,jbAOEodkBLHU4cXsHDKG+qFMuV8=
-17,40,RHf10AXPxcoY2GMqjwLRuUMRXSQ=,LUMBS1R6Eke1Dv4ALL14S4OT3Zg=
-17,36,RHf10AXPxcoY2GMqjwLRuUMRXSQ=,jbAOEodkBLHU4cXsHDKG+qFMuV8=
-19,52,RHf10AXPxcoY2GMqjwLRuUMRXSQ=,YSuevNHJmoC3sKoqR6KrvyV/xv8=
-20,53,RHf10AXPxcoY2GMqjwLRuUMRXSQ=,YSuevNHJmoC3sKoqR6KrvyV/xv8=
-19,53,RHf10AXPxcoY2GMqjwLRuUMRXSQ=,YSuevNHJmoC3sKoqR6KrvyV/xv8=
-18,53,RHf10AXPxcoY2GMqjwLRuUMRXSQ=,YSuevNHJmoC3sKoqR6KrvyV/xv8=
-18,51,RHf10AXPxcoY2GMqjwLRuUMRXSQ=,YSuevNHJmoC3sKoqR6KrvyV/xv8=
-17,53,RHf10AXPxcoY2GMqjwLRuUMRXSQ=,YSuevNHJmoC3sKoqR6KrvyV/xv8=
-24,50,RHf10AXPxcoY2GMqjwLRuUMRXSQ=,YSuevNHJmoC3sKoqR6KrvyV/xv8=
-18,52,RHf10AXPxcoY2GMqjwLRuUMRXSQ=,YSuevNHJmoC3sKoqR6KrvyV/xv8=
-24,51,RHf10AXPxcoY2GMqjwLRuUMRXSQ=,YSuevNHJmoC3sKoqR6KrvyV/xv8=
-24,54,RHf10AXPxcoY2GMqjwLRuUMRXSQ=,YSuevNHJmoC3sKoqR6KrvyV/xv8=
-23,54,RHf10AXPxcoY2GMqjwLRuUMRXSQ=,YSuevNHJmoC3sKoqR6KrvyV/xv8=
-22,54,RHf10AXPxcoY2GMqjwLRuUMRXSQ=,YSuevNHJmoC3sKoqR6KrvyV/xv8=
-21,54,RHf10AXPxcoY2GMqjwLRuUMRXSQ=,YSuevNHJmoC3sKoqR6KrvyV/xv8=
-20,54,RHf10AXPxcoY2GMqjwLRuUMRXSQ=,YSuevNHJmoC3sKoqR6KrvyV/xv8=
-19,54,RHf10AXPxcoY2GMqjwLRuUMRXSQ=,YSuevNHJmoC3sKoqR6KrvyV/xv8=
-17,52,RHf10AXPxcoY2GMqjwLRuUMRXSQ=,YSuevNHJmoC3sKoqR6KrvyV/xv8=
-23,51,RHf10AXPxcoY2GMqjwLRuUMRXSQ=,YSuevNHJmoC3sKoqR6KrvyV/xv8=
-18,54,RHf10AXPxcoY2GMqjwLRuUMRXSQ=,YSuevNHJmoC3sKoqR6KrvyV/xv8=
-17,54,RHf10AXPxcoY2GMqjwLRuUMRXSQ=,YSuevNHJmoC3sKoqR6KrvyV/xv8=
-24,55,RHf10AXPxcoY2GMqjwLRuUMRXSQ=,YSuevNHJmoC3sKoqR6KrvyV/xv8=
-23,55,RHf10AXPxcoY2GMqjwLRuUMRXSQ=,YSuevNHJmoC3sKoqR6KrvyV/xv8=
-20,52,RHf10AXPxcoY2GMqjwLRuUMRXSQ=,YSuevNHJmoC3sKoqR6KrvyV/xv8=
-17,51,RHf10AXPxcoY2GMqjwLRuUMRXSQ=,YSuevNHJmoC3sKoqR6KrvyV/xv8=
-23,50,RHf10AXPxcoY2GMqjwLRuUMRXSQ=,YSuevNHJmoC3sKoqR6KrvyV/xv8=
-19,51,RHf10AXPxcoY2GMqjwLRuUMRXSQ=,YSuevNHJmoC3sKoqR6KrvyV/xv8=
-24,52,RHf10AXPxcoY2GMqjwLRuUMRXSQ=,YSuevNHJmoC3sKoqR6KrvyV/xv8=
-22,55,RHf10AXPxcoY2GMqjwLRuUMRXSQ=,YSuevNHJmoC3sKoqR6KrvyV/xv8=
-21,53,RHf10AXPxcoY2GMqjwLRuUMRXSQ=,YSuevNHJmoC3sKoqR6KrvyV/xv8=
-21,55,RHf10AXPxcoY2GMqjwLRuUMRXSQ=,YSuevNHJmoC3sKoqR6KrvyV/xv8=
-20,51,RHf10AXPxcoY2GMqjwLRuUMRXSQ=,YSuevNHJmoC3sKoqR6KrvyV/xv8=
-20,55,RHf10AXPxcoY2GMqjwLRuUMRXSQ=,YSuevNHJmoC3sKoqR6KrvyV/xv8=
-22,53,RHf10AXPxcoY2GMqjwLRuUMRXSQ=,YSuevNHJmoC3sKoqR6KrvyV/xv8=
-19,55,RHf10AXPxcoY2GMqjwLRuUMRXSQ=,YSuevNHJmoC3sKoqR6KrvyV/xv8=
-17,50,RHf10AXPxcoY2GMqjwLRuUMRXSQ=,YSuevNHJmoC3sKoqR6KrvyV/xv8=
-21,52,RHf10AXPxcoY2GMqjwLRuUMRXSQ=,YSuevNHJmoC3sKoqR6KrvyV/xv8=
-22,50,RHf10AXPxcoY2GMqjwLRuUMRXSQ=,YSuevNHJmoC3sKoqR6KrvyV/xv8=
-21,50,RHf10AXPxcoY2GMqjwLRuUMRXSQ=,YSuevNHJmoC3sKoqR6KrvyV/xv8=
-18,50,RHf10AXPxcoY2GMqjwLRuUMRXSQ=,YSuevNHJmoC3sKoqR6KrvyV/xv8=
-23,52,RHf10AXPxcoY2GMqjwLRuUMRXSQ=,YSuevNHJmoC3sKoqR6KrvyV/xv8=
-23,53,RHf10AXPxcoY2GMqjwLRuUMRXSQ=,YSuevNHJmoC3sKoqR6KrvyV/xv8=
-20,50,RHf10AXPxcoY2GMqjwLRuUMRXSQ=,YSuevNHJmoC3sKoqR6KrvyV/xv8=
-21,51,RHf10AXPxcoY2GMqjwLRuUMRXSQ=,YSuevNHJmoC3sKoqR6KrvyV/xv8=
-18,55,RHf10AXPxcoY2GMqjwLRuUMRXSQ=,YSuevNHJmoC3sKoqR6KrvyV/xv8=
-17,55,RHf10AXPxcoY2GMqjwLRuUMRXSQ=,YSuevNHJmoC3sKoqR6KrvyV/xv8=
-21,48,RHf10AXPxcoY2GMqjwLRuUMRXSQ=,YSuevNHJmoC3sKoqR6KrvyV/xv8=
-24,48,RHf10AXPxcoY2GMqjwLRuUMRXSQ=,YSuevNHJmoC3sKoqR6KrvyV/xv8=
-17,49,RHf10AXPxcoY2GMqjwLRuUMRXSQ=,YSuevNHJmoC3sKoqR6KrvyV/xv8=
-20,48,RHf10AXPxcoY2GMqjwLRuUMRXSQ=,YSuevNHJmoC3sKoqR6KrvyV/xv8=
-18,49,RHf10AXPxcoY2GMqjwLRuUMRXSQ=,YSuevNHJmoC3sKoqR6KrvyV/xv8=
-19,49,RHf10AXPxcoY2GMqjwLRuUMRXSQ=,YSuevNHJmoC3sKoqR6KrvyV/xv8=
-19,48,RHf10AXPxcoY2GMqjwLRuUMRXSQ=,YSuevNHJmoC3sKoqR6KrvyV/xv8=
-24,53,RHf10AXPxcoY2GMqjwLRuUMRXSQ=,YSuevNHJmoC3sKoqR6KrvyV/xv8=
-20,49,RHf10AXPxcoY2GMqjwLRuUMRXSQ=,YSuevNHJmoC3sKoqR6KrvyV/xv8=
-18,48,RHf10AXPxcoY2GMqjwLRuUMRXSQ=,YSuevNHJmoC3sKoqR6KrvyV/xv8=
-21,49,RHf10AXPxcoY2GMqjwLRuUMRXSQ=,YSuevNHJmoC3sKoqR6KrvyV/xv8=
-22,51,RHf10AXPxcoY2GMqjwLRuUMRXSQ=,YSuevNHJmoC3sKoqR6KrvyV/xv8=
-22,49,RHf10AXPxcoY2GMqjwLRuUMRXSQ=,YSuevNHJmoC3sKoqR6KrvyV/xv8=
-17,48,RHf10AXPxcoY2GMqjwLRuUMRXSQ=,YSuevNHJmoC3sKoqR6KrvyV/xv8=
-22,48,RHf10AXPxcoY2GMqjwLRuUMRXSQ=,YSuevNHJmoC3sKoqR6KrvyV/xv8=
-24,49,RHf10AXPxcoY2GMqjwLRuUMRXSQ=,YSuevNHJmoC3sKoqR6KrvyV/xv8=
-23,48,RHf10AXPxcoY2GMqjwLRuUMRXSQ=,YSuevNHJmoC3sKoqR6KrvyV/xv8=
-23,49,RHf10AXPxcoY2GMqjwLRuUMRXSQ=,YSuevNHJmoC3sKoqR6KrvyV/xv8=
-19,50,RHf10AXPxcoY2GMqjwLRuUMRXSQ=,YSuevNHJmoC3sKoqR6KrvyV/xv8=
-22,52,RHf10AXPxcoY2GMqjwLRuUMRXSQ=,YSuevNHJmoC3sKoqR6KrvyV/xv8=
-12,53,YRJbYXHqd6Di/lrG980VJ8sBysw=,N2Dj7TBfkNlj7mD5rfRjcf5uD90=
-13,53,WcGcflMm41ZN2dXemLp530Fxmps=,N2Dj7TBfkNlj7mD5rfRjcf5uD90=
-10,49,WcGcflMm41ZN2dXemLp530Fxmps=,N2Dj7TBfkNlj7mD5rfRjcf5uD90=
-11,49,WcGcflMm41ZN2dXemLp530Fxmps=,N2Dj7TBfkNlj7mD5rfRjcf5uD90=
-10,51,WcGcflMm41ZN2dXemLp530Fxmps=,N2Dj7TBfkNlj7mD5rfRjcf5uD90=
-11,51,WcGcflMm41ZN2dXemLp530Fxmps=,N2Dj7TBfkNlj7mD5rfRjcf5uD90=
-14,53,WcGcflMm41ZN2dXemLp530Fxmps=,N2Dj7TBfkNlj7mD5rfRjcf5uD90=
-11,52,WcGcflMm41ZN2dXemLp530Fxmps=,N2Dj7TBfkNlj7mD5rfRjcf5uD90=
-10,50,WcGcflMm41ZN2dXemLp530Fxmps=,N2Dj7TBfkNlj7mD5rfRjcf5uD90=
-15,53,WcGcflMm41ZN2dXemLp530Fxmps=,N2Dj7TBfkNlj7mD5rfRjcf5uD90=
-12,52,WcGcflMm41ZN2dXemLp530Fxmps=,N2Dj7TBfkNlj7mD5rfRjcf5uD90=
-11,50,WcGcflMm41ZN2dXemLp530Fxmps=,N2Dj7TBfkNlj7mD5rfRjcf5uD90=
-13,52,WcGcflMm41ZN2dXemLp530Fxmps=,N2Dj7TBfkNlj7mD5rfRjcf5uD90=
-12,51,WcGcflMm41ZN2dXemLp530Fxmps=,N2Dj7TBfkNlj7mD5rfRjcf5uD90=
-12,50,WcGcflMm41ZN2dXemLp530Fxmps=,N2Dj7TBfkNlj7mD5rfRjcf5uD90=
-13,50,WcGcflMm41ZN2dXemLp530Fxmps=,N2Dj7TBfkNlj7mD5rfRjcf5uD90=
-13,48,WcGcflMm41ZN2dXemLp530Fxmps=,N2Dj7TBfkNlj7mD5rfRjcf5uD90=
-13,51,WcGcflMm41ZN2dXemLp530Fxmps=,N2Dj7TBfkNlj7mD5rfRjcf5uD90=
-10,55,WcGcflMm41ZN2dXemLp530Fxmps=,N2Dj7TBfkNlj7mD5rfRjcf5uD90=
-11,55,WcGcflMm41ZN2dXemLp530Fxmps=,N2Dj7TBfkNlj7mD5rfRjcf5uD90=
-14,51,WcGcflMm41ZN2dXemLp530Fxmps=,N2Dj7TBfkNlj7mD5rfRjcf5uD90=
-14,52,WcGcflMm41ZN2dXemLp530Fxmps=,N2Dj7TBfkNlj7mD5rfRjcf5uD90=
-14,50,WcGcflMm41ZN2dXemLp530Fxmps=,N2Dj7TBfkNlj7mD5rfRjcf5uD90=
-12,55,WcGcflMm41ZN2dXemLp530Fxmps=,N2Dj7TBfkNlj7mD5rfRjcf5uD90=
-15,51,WcGcflMm41ZN2dXemLp530Fxmps=,N2Dj7TBfkNlj7mD5rfRjcf5uD90=
-13,55,WcGcflMm41ZN2dXemLp530Fxmps=,N2Dj7TBfkNlj7mD5rfRjcf5uD90=
-14,55,WcGcflMm41ZN2dXemLp530Fxmps=,N2Dj7TBfkNlj7mD5rfRjcf5uD90=
-15,55,WcGcflMm41ZN2dXemLp530Fxmps=,N2Dj7TBfkNlj7mD5rfRjcf5uD90=
-16,55,WcGcflMm41ZN2dXemLp530Fxmps=,N2Dj7TBfkNlj7mD5rfRjcf5uD90=
-15,52,WcGcflMm41ZN2dXemLp530Fxmps=,N2Dj7TBfkNlj7mD5rfRjcf5uD90=
-15,50,WcGcflMm41ZN2dXemLp530Fxmps=,N2Dj7TBfkNlj7mD5rfRjcf5uD90=
-10,54,WcGcflMm41ZN2dXemLp530Fxmps=,N2Dj7TBfkNlj7mD5rfRjcf5uD90=
-16,53,WcGcflMm41ZN2dXemLp530Fxmps=,N2Dj7TBfkNlj7mD5rfRjcf5uD90=
-11,54,WcGcflMm41ZN2dXemLp530Fxmps=,N2Dj7TBfkNlj7mD5rfRjcf5uD90=
-12,54,WcGcflMm41ZN2dXemLp530Fxmps=,N2Dj7TBfkNlj7mD5rfRjcf5uD90=
-13,54,WcGcflMm41ZN2dXemLp530Fxmps=,N2Dj7TBfkNlj7mD5rfRjcf5uD90=
-14,54,WcGcflMm41ZN2dXemLp530Fxmps=,N2Dj7TBfkNlj7mD5rfRjcf5uD90=
-15,54,WcGcflMm41ZN2dXemLp530Fxmps=,N2Dj7TBfkNlj7mD5rfRjcf5uD90=
-16,54,WcGcflMm41ZN2dXemLp530Fxmps=,N2Dj7TBfkNlj7mD5rfRjcf5uD90=
-16,52,WcGcflMm41ZN2dXemLp530Fxmps=,N2Dj7TBfkNlj7mD5rfRjcf5uD90=
-14,48,WcGcflMm41ZN2dXemLp530Fxmps=,N2Dj7TBfkNlj7mD5rfRjcf5uD90=
-15,49,WcGcflMm41ZN2dXemLp530Fxmps=,N2Dj7TBfkNlj7mD5rfRjcf5uD90=
-16,49,WcGcflMm41ZN2dXemLp530Fxmps=,N2Dj7TBfkNlj7mD5rfRjcf5uD90=
-16,51,WcGcflMm41ZN2dXemLp530Fxmps=,N2Dj7TBfkNlj7mD5rfRjcf5uD90=
-10,52,WcGcflMm41ZN2dXemLp530Fxmps=,N2Dj7TBfkNlj7mD5rfRjcf5uD90=
-10,48,WcGcflMm41ZN2dXemLp530Fxmps=,N2Dj7TBfkNlj7mD5rfRjcf5uD90=
-11,48,WcGcflMm41ZN2dXemLp530Fxmps=,N2Dj7TBfkNlj7mD5rfRjcf5uD90=
-12,48,WcGcflMm41ZN2dXemLp530Fxmps=,N2Dj7TBfkNlj7mD5rfRjcf5uD90=
-15,48,WcGcflMm41ZN2dXemLp530Fxmps=,N2Dj7TBfkNlj7mD5rfRjcf5uD90=
-16,48,WcGcflMm41ZN2dXemLp530Fxmps=,N2Dj7TBfkNlj7mD5rfRjcf5uD90=
-16,50,WcGcflMm41ZN2dXemLp530Fxmps=,N2Dj7TBfkNlj7mD5rfRjcf5uD90=
-13,49,WcGcflMm41ZN2dXemLp530Fxmps=,N2Dj7TBfkNlj7mD5rfRjcf5uD90=
-12,49,WcGcflMm41ZN2dXemLp530Fxmps=,N2Dj7TBfkNlj7mD5rfRjcf5uD90=
-10,53,WcGcflMm41ZN2dXemLp530Fxmps=,N2Dj7TBfkNlj7mD5rfRjcf5uD90=
-14,49,WcGcflMm41ZN2dXemLp530Fxmps=,N2Dj7TBfkNlj7mD5rfRjcf5uD90=
-11,53,WcGcflMm41ZN2dXemLp530Fxmps=,N2Dj7TBfkNlj7mD5rfRjcf5uD90=
-1,55,WcGcflMm41ZN2dXemLp530Fxmps=,N8BGVAB/FhT/6Ac9bhADtY4Qu5E=
-3,55,WcGcflMm41ZN2dXemLp530Fxmps=,N8BGVAB/FhT/6Ac9bhADtY4Qu5E=
-2,55,WcGcflMm41ZN2dXemLp530Fxmps=,N8BGVAB/FhT/6Ac9bhADtY4Qu5E=
-9,53,WcGcflMm41ZN2dXemLp530Fxmps=,N2Dj7TBfkNlj7mD5rfRjcf5uD90=
-4,55,WcGcflMm41ZN2dXemLp530Fxmps=,N8BGVAB/FhT/6Ac9bhADtY4Qu5E=
-5,55,WcGcflMm41ZN2dXemLp530Fxmps=,N8BGVAB/FhT/6Ac9bhADtY4Qu5E=
-6,55,WcGcflMm41ZN2dXemLp530Fxmps=,N8BGVAB/FhT/6Ac9bhADtY4Qu5E=
-4,51,WcGcflMm41ZN2dXemLp530Fxmps=,N8BGVAB/FhT/6Ac9bhADtY4Qu5E=
-5,51,WcGcflMm41ZN2dXemLp530Fxmps=,N8BGVAB/FhT/6Ac9bhADtY4Qu5E=
-6,51,WcGcflMm41ZN2dXemLp530Fxmps=,N8BGVAB/FhT/6Ac9bhADtY4Qu5E=
-7,55,WcGcflMm41ZN2dXemLp530Fxmps=,N8BGVAB/FhT/6Ac9bhADtY4Qu5E=
-7,51,WcGcflMm41ZN2dXemLp530Fxmps=,N8BGVAB/FhT/6Ac9bhADtY4Qu5E=
-8,55,WcGcflMm41ZN2dXemLp530Fxmps=,N8BGVAB/FhT/6Ac9bhADtY4Qu5E=
-9,51,WcGcflMm41ZN2dXemLp530Fxmps=,N2Dj7TBfkNlj7mD5rfRjcf5uD90=
-2,54,WcGcflMm41ZN2dXemLp530Fxmps=,N8BGVAB/FhT/6Ac9bhADtY4Qu5E=
-1,54,WcGcflMm41ZN2dXemLp530Fxmps=,N8BGVAB/FhT/6Ac9bhADtY4Qu5E=
-3,54,WcGcflMm41ZN2dXemLp530Fxmps=,N8BGVAB/FhT/6Ac9bhADtY4Qu5E=
-4,54,WcGcflMm41ZN2dXemLp530Fxmps=,N8BGVAB/FhT/6Ac9bhADtY4Qu5E=
-8,51,WcGcflMm41ZN2dXemLp530Fxmps=,N8BGVAB/FhT/6Ac9bhADtY4Qu5E=
-9,50,WcGcflMm41ZN2dXemLp530Fxmps=,N2Dj7TBfkNlj7mD5rfRjcf5uD90=
-3,51,WcGcflMm41ZN2dXemLp530Fxmps=,N8BGVAB/FhT/6Ac9bhADtY4Qu5E=
-9,49,WcGcflMm41ZN2dXemLp530Fxmps=,N2Dj7TBfkNlj7mD5rfRjcf5uD90=
-5,54,WcGcflMm41ZN2dXemLp530Fxmps=,N8BGVAB/FhT/6Ac9bhADtY4Qu5E=
-2,51,WcGcflMm41ZN2dXemLp530Fxmps=,N8BGVAB/FhT/6Ac9bhADtY4Qu5E=
-1,51,WcGcflMm41ZN2dXemLp530Fxmps=,N8BGVAB/FhT/6Ac9bhADtY4Qu5E=
-8,52,WcGcflMm41ZN2dXemLp530Fxmps=,N8BGVAB/FhT/6Ac9bhADtY4Qu5E=
-7,52,WcGcflMm41ZN2dXemLp530Fxmps=,N8BGVAB/FhT/6Ac9bhADtY4Qu5E=
-6,52,WcGcflMm41ZN2dXemLp530Fxmps=,N8BGVAB/FhT/6Ac9bhADtY4Qu5E=
-1,50,WcGcflMm41ZN2dXemLp530Fxmps=,N8BGVAB/FhT/6Ac9bhADtY4Qu5E=
-2,50,WcGcflMm41ZN2dXemLp530Fxmps=,N8BGVAB/FhT/6Ac9bhADtY4Qu5E=
-3,50,WcGcflMm41ZN2dXemLp530Fxmps=,N8BGVAB/FhT/6Ac9bhADtY4Qu5E=
-9,48,WcGcflMm41ZN2dXemLp530Fxmps=,N2Dj7TBfkNlj7mD5rfRjcf5uD90=
-5,52,WcGcflMm41ZN2dXemLp530Fxmps=,N8BGVAB/FhT/6Ac9bhADtY4Qu5E=
-9,52,WcGcflMm41ZN2dXemLp530Fxmps=,N2Dj7TBfkNlj7mD5rfRjcf5uD90=
-4,52,WcGcflMm41ZN2dXemLp530Fxmps=,N8BGVAB/FhT/6Ac9bhADtY4Qu5E=
-3,52,WcGcflMm41ZN2dXemLp530Fxmps=,N8BGVAB/FhT/6Ac9bhADtY4Qu5E=
-9,54,WcGcflMm41ZN2dXemLp530Fxmps=,N2Dj7TBfkNlj7mD5rfRjcf5uD90=
-2,52,WcGcflMm41ZN2dXemLp530Fxmps=,N8BGVAB/FhT/6Ac9bhADtY4Qu5E=
-1,52,WcGcflMm41ZN2dXemLp530Fxmps=,N8BGVAB/FhT/6Ac9bhADtY4Qu5E=
-8,53,WcGcflMm41ZN2dXemLp530Fxmps=,N8BGVAB/FhT/6Ac9bhADtY4Qu5E=
-7,53,WcGcflMm41ZN2dXemLp530Fxmps=,N8BGVAB/FhT/6Ac9bhADtY4Qu5E=
-6,53,WcGcflMm41ZN2dXemLp530Fxmps=,N8BGVAB/FhT/6Ac9bhADtY4Qu5E=
-5,53,WcGcflMm41ZN2dXemLp530Fxmps=,N8BGVAB/FhT/6Ac9bhADtY4Qu5E=
-4,53,WcGcflMm41ZN2dXemLp530Fxmps=,N8BGVAB/FhT/6Ac9bhADtY4Qu5E=
-3,53,WcGcflMm41ZN2dXemLp530Fxmps=,N8BGVAB/FhT/6Ac9bhADtY4Qu5E=
-2,53,WcGcflMm41ZN2dXemLp530Fxmps=,N8BGVAB/FhT/6Ac9bhADtY4Qu5E=
-9,55,WcGcflMm41ZN2dXemLp530Fxmps=,N2Dj7TBfkNlj7mD5rfRjcf5uD90=
-4,50,WcGcflMm41ZN2dXemLp530Fxmps=,N8BGVAB/FhT/6Ac9bhADtY4Qu5E=
-5,50,WcGcflMm41ZN2dXemLp530Fxmps=,N8BGVAB/FhT/6Ac9bhADtY4Qu5E=
-6,50,WcGcflMm41ZN2dXemLp530Fxmps=,N8BGVAB/FhT/6Ac9bhADtY4Qu5E=
-7,50,WcGcflMm41ZN2dXemLp530Fxmps=,N8BGVAB/FhT/6Ac9bhADtY4Qu5E=
-8,50,WcGcflMm41ZN2dXemLp530Fxmps=,N8BGVAB/FhT/6Ac9bhADtY4Qu5E=
-8,48,WcGcflMm41ZN2dXemLp530Fxmps=,N8BGVAB/FhT/6Ac9bhADtY4Qu5E=
-1,49,WcGcflMm41ZN2dXemLp530Fxmps=,N8BGVAB/FhT/6Ac9bhADtY4Qu5E=
-2,49,WcGcflMm41ZN2dXemLp530Fxmps=,N8BGVAB/FhT/6Ac9bhADtY4Qu5E=
-6,54,WcGcflMm41ZN2dXemLp530Fxmps=,N8BGVAB/FhT/6Ac9bhADtY4Qu5E=
-7,48,WcGcflMm41ZN2dXemLp530Fxmps=,N8BGVAB/FhT/6Ac9bhADtY4Qu5E=
-3,49,WcGcflMm41ZN2dXemLp530Fxmps=,N8BGVAB/FhT/6Ac9bhADtY4Qu5E=
-4,49,WcGcflMm41ZN2dXemLp530Fxmps=,N8BGVAB/FhT/6Ac9bhADtY4Qu5E=
-6,48,WcGcflMm41ZN2dXemLp530Fxmps=,N8BGVAB/FhT/6Ac9bhADtY4Qu5E=
-5,49,WcGcflMm41ZN2dXemLp530Fxmps=,N8BGVAB/FhT/6Ac9bhADtY4Qu5E=
-7,54,WcGcflMm41ZN2dXemLp530Fxmps=,N8BGVAB/FhT/6Ac9bhADtY4Qu5E=
-5,48,WcGcflMm41ZN2dXemLp530Fxmps=,N8BGVAB/FhT/6Ac9bhADtY4Qu5E=
-6,49,WcGcflMm41ZN2dXemLp530Fxmps=,N8BGVAB/FhT/6Ac9bhADtY4Qu5E=
-7,49,WcGcflMm41ZN2dXemLp530Fxmps=,N8BGVAB/FhT/6Ac9bhADtY4Qu5E=
-8,54,WcGcflMm41ZN2dXemLp530Fxmps=,N8BGVAB/FhT/6Ac9bhADtY4Qu5E=
-8,49,WcGcflMm41ZN2dXemLp530Fxmps=,N8BGVAB/FhT/6Ac9bhADtY4Qu5E=
-4,48,WcGcflMm41ZN2dXemLp530Fxmps=,N8BGVAB/FhT/6Ac9bhADtY4Qu5E=
-1,48,WcGcflMm41ZN2dXemLp530Fxmps=,N8BGVAB/FhT/6Ac9bhADtY4Qu5E=
-1,53,WcGcflMm41ZN2dXemLp530Fxmps=,N8BGVAB/FhT/6Ac9bhADtY4Qu5E=
-2,48,WcGcflMm41ZN2dXemLp530Fxmps=,N8BGVAB/FhT/6Ac9bhADtY4Qu5E=
-3,48,WcGcflMm41ZN2dXemLp530Fxmps=,N8BGVAB/FhT/6Ac9bhADtY4Qu5E=
-12,43,IGKpNf7PNU/WJqu6EqNUPI1zp6k=,k/LQPTX8YUm4Hrh4bCO2HFLWbkQ=
-11,43,IGKpNf7PNU/WJqu6EqNUPI1zp6k=,k/LQPTX8YUm4Hrh4bCO2HFLWbkQ=
-10,43,IGKpNf7PNU/WJqu6EqNUPI1zp6k=,k/LQPTX8YUm4Hrh4bCO2HFLWbkQ=
-15,44,IGKpNf7PNU/WJqu6EqNUPI1zp6k=,k/LQPTX8YUm4Hrh4bCO2HFLWbkQ=
-14,44,IGKpNf7PNU/WJqu6EqNUPI1zp6k=,k/LQPTX8YUm4Hrh4bCO2HFLWbkQ=
-12,37,IGKpNf7PNU/WJqu6EqNUPI1zp6k=,aL6J9CoTH0jz7v6DUAJyv7fb0+I=
-11,37,IGKpNf7PNU/WJqu6EqNUPI1zp6k=,aL6J9CoTH0jz7v6DUAJyv7fb0+I=
-10,37,IGKpNf7PNU/WJqu6EqNUPI1zp6k=,aL6J9CoTH0jz7v6DUAJyv7fb0+I=
-15,38,IGKpNf7PNU/WJqu6EqNUPI1zp6k=,aL6J9CoTH0jz7v6DUAJyv7fb0+I=
-14,38,IGKpNf7PNU/WJqu6EqNUPI1zp6k=,aL6J9CoTH0jz7v6DUAJyv7fb0+I=
-12,32,IGKpNf7PNU/WJqu6EqNUPI1zp6k=,aL6J9CoTH0jz7v6DUAJyv7fb0+I=
-14,33,IGKpNf7PNU/WJqu6EqNUPI1zp6k=,aL6J9CoTH0jz7v6DUAJyv7fb0+I=
-13,38,IGKpNf7PNU/WJqu6EqNUPI1zp6k=,aL6J9CoTH0jz7v6DUAJyv7fb0+I=
-15,34,IGKpNf7PNU/WJqu6EqNUPI1zp6k=,aL6J9CoTH0jz7v6DUAJyv7fb0+I=
-13,32,IGKpNf7PNU/WJqu6EqNUPI1zp6k=,aL6J9CoTH0jz7v6DUAJyv7fb0+I=
-13,43,IGKpNf7PNU/WJqu6EqNUPI1zp6k=,k/LQPTX8YUm4Hrh4bCO2HFLWbkQ=
-14,34,IGKpNf7PNU/WJqu6EqNUPI1zp6k=,aL6J9CoTH0jz7v6DUAJyv7fb0+I=
-13,34,IGKpNf7PNU/WJqu6EqNUPI1zp6k=,aL6J9CoTH0jz7v6DUAJyv7fb0+I=
-12,34,IGKpNf7PNU/WJqu6EqNUPI1zp6k=,aL6J9CoTH0jz7v6DUAJyv7fb0+I=
-4,45,IGKpNf7PNU/WJqu6EqNUPI1zp6k=,IdAGfmku2G3ogdR4FGcgdxSE2mQ=
-13,37,IGKpNf7PNU/WJqu6EqNUPI1zp6k=,aL6J9CoTH0jz7v6DUAJyv7fb0+I=
-12,38,IGKpNf7PNU/WJqu6EqNUPI1zp6k=,aL6J9CoTH0jz7v6DUAJyv7fb0+I=
-3,45,VQqITfQDBnJnda28JqRLOKWHLFo=,IdAGfmku2G3ogdR4FGcgdxSE2mQ=
-14,43,VQqITfQDBnJnda28JqRLOKWHLFo=,k/LQPTX8YUm4Hrh4bCO2HFLWbkQ=
-11,38,VQqITfQDBnJnda28JqRLOKWHLFo=,aL6J9CoTH0jz7v6DUAJyv7fb0+I=
-2,45,VQqITfQDBnJnda28JqRLOKWHLFo=,IdAGfmku2G3ogdR4FGcgdxSE2mQ=
-11,32,VQqITfQDBnJnda28JqRLOKWHLFo=,aL6J9CoTH0jz7v6DUAJyv7fb0+I=
-15,43,VQqITfQDBnJnda28JqRLOKWHLFo=,k/LQPTX8YUm4Hrh4bCO2HFLWbkQ=
-8,46,VQqITfQDBnJnda28JqRLOKWHLFo=,IdAGfmku2G3ogdR4FGcgdxSE2mQ=
-10,32,VQqITfQDBnJnda28JqRLOKWHLFo=,aL6J9CoTH0jz7v6DUAJyv7fb0+I=
-7,46,VQqITfQDBnJnda28JqRLOKWHLFo=,IdAGfmku2G3ogdR4FGcgdxSE2mQ=
-10,38,VQqITfQDBnJnda28JqRLOKWHLFo=,aL6J9CoTH0jz7v6DUAJyv7fb0+I=
-6,46,VQqITfQDBnJnda28JqRLOKWHLFo=,IdAGfmku2G3ogdR4FGcgdxSE2mQ=
-11,34,VQqITfQDBnJnda28JqRLOKWHLFo=,aL6J9CoTH0jz7v6DUAJyv7fb0+I=
-15,39,VQqITfQDBnJnda28JqRLOKWHLFo=,aL6J9CoTH0jz7v6DUAJyv7fb0+I=
-5,46,VQqITfQDBnJnda28JqRLOKWHLFo=,IdAGfmku2G3ogdR4FGcgdxSE2mQ=
-4,46,VQqITfQDBnJnda28JqRLOKWHLFo=,IdAGfmku2G3ogdR4FGcgdxSE2mQ=
-14,39,VQqITfQDBnJnda28JqRLOKWHLFo=,aL6J9CoTH0jz7v6DUAJyv7fb0+I=
-10,42,VQqITfQDBnJnda28JqRLOKWHLFo=,k/LQPTX8YUm4Hrh4bCO2HFLWbkQ=
-3,46,VQqITfQDBnJnda28JqRLOKWHLFo=,IdAGfmku2G3ogdR4FGcgdxSE2mQ=
-13,39,VQqITfQDBnJnda28JqRLOKWHLFo=,aL6J9CoTH0jz7v6DUAJyv7fb0+I=
-14,37,VQqITfQDBnJnda28JqRLOKWHLFo=,aL6J9CoTH0jz7v6DUAJyv7fb0+I=
-2,46,VQqITfQDBnJnda28JqRLOKWHLFo=,IdAGfmku2G3ogdR4FGcgdxSE2mQ=
-15,33,VQqITfQDBnJnda28JqRLOKWHLFo=,aL6J9CoTH0jz7v6DUAJyv7fb0+I=
-9,43,VQqITfQDBnJnda28JqRLOKWHLFo=,k/LQPTX8YUm4Hrh4bCO2HFLWbkQ=
-12,39,VQqITfQDBnJnda28JqRLOKWHLFo=,aL6J9CoTH0jz7v6DUAJyv7fb0+I=
-8,41,VQqITfQDBnJnda28JqRLOKWHLFo=,IdAGfmku2G3ogdR4FGcgdxSE2mQ=
-15,37,VQqITfQDBnJnda28JqRLOKWHLFo=,aL6J9CoTH0jz7v6DUAJyv7fb0+I=
-11,39,VQqITfQDBnJnda28JqRLOKWHLFo=,aL6J9CoTH0jz7v6DUAJyv7fb0+I=
-11,42,VQqITfQDBnJnda28JqRLOKWHLFo=,k/LQPTX8YUm4Hrh4bCO2HFLWbkQ=
-7,41,VQqITfQDBnJnda28JqRLOKWHLFo=,IdAGfmku2G3ogdR4FGcgdxSE2mQ=
-10,39,VQqITfQDBnJnda28JqRLOKWHLFo=,aL6J9CoTH0jz7v6DUAJyv7fb0+I=
-6,41,VQqITfQDBnJnda28JqRLOKWHLFo=,IdAGfmku2G3ogdR4FGcgdxSE2mQ=
-10,36,VQqITfQDBnJnda28JqRLOKWHLFo=,aL6J9CoTH0jz7v6DUAJyv7fb0+I=
-15,32,VQqITfQDBnJnda28JqRLOKWHLFo=,aL6J9CoTH0jz7v6DUAJyv7fb0+I=
-5,41,VQqITfQDBnJnda28JqRLOKWHLFo=,IdAGfmku2G3ogdR4FGcgdxSE2mQ=
-11,36,VQqITfQDBnJnda28JqRLOKWHLFo=,aL6J9CoTH0jz7v6DUAJyv7fb0+I=
-10,35,VQqITfQDBnJnda28JqRLOKWHLFo=,aL6J9CoTH0jz7v6DUAJyv7fb0+I=
-4,41,VQqITfQDBnJnda28JqRLOKWHLFo=,IdAGfmku2G3ogdR4FGcgdxSE2mQ=
-5,45,VQqITfQDBnJnda28JqRLOKWHLFo=,IdAGfmku2G3ogdR4FGcgdxSE2mQ=
-13,33,VQqITfQDBnJnda28JqRLOKWHLFo=,aL6J9CoTH0jz7v6DUAJyv7fb0+I=
-3,41,VQqITfQDBnJnda28JqRLOKWHLFo=,IdAGfmku2G3ogdR4FGcgdxSE2mQ=
-6,45,VQqITfQDBnJnda28JqRLOKWHLFo=,IdAGfmku2G3ogdR4FGcgdxSE2mQ=
-15,36,VQqITfQDBnJnda28JqRLOKWHLFo=,aL6J9CoTH0jz7v6DUAJyv7fb0+I=
-2,41,VQqITfQDBnJnda28JqRLOKWHLFo=,IdAGfmku2G3ogdR4FGcgdxSE2mQ=
-15,40,VQqITfQDBnJnda28JqRLOKWHLFo=,k/LQPTX8YUm4Hrh4bCO2HFLWbkQ=
-9,44,VQqITfQDBnJnda28JqRLOKWHLFo=,k/LQPTX8YUm4Hrh4bCO2HFLWbkQ=
-8,42,VQqITfQDBnJnda28JqRLOKWHLFo=,IdAGfmku2G3ogdR4FGcgdxSE2mQ=
-14,40,VQqITfQDBnJnda28JqRLOKWHLFo=,k/LQPTX8YUm4Hrh4bCO2HFLWbkQ=
-12,42,VQqITfQDBnJnda28JqRLOKWHLFo=,k/LQPTX8YUm4Hrh4bCO2HFLWbkQ=
-7,42,VQqITfQDBnJnda28JqRLOKWHLFo=,IdAGfmku2G3ogdR4FGcgdxSE2mQ=
-6,42,VQqITfQDBnJnda28JqRLOKWHLFo=,IdAGfmku2G3ogdR4FGcgdxSE2mQ=
-13,40,VQqITfQDBnJnda28JqRLOKWHLFo=,k/LQPTX8YUm4Hrh4bCO2HFLWbkQ=
-5,42,VQqITfQDBnJnda28JqRLOKWHLFo=,IdAGfmku2G3ogdR4FGcgdxSE2mQ=
-12,40,VQqITfQDBnJnda28JqRLOKWHLFo=,k/LQPTX8YUm4Hrh4bCO2HFLWbkQ=
-14,36,VQqITfQDBnJnda28JqRLOKWHLFo=,aL6J9CoTH0jz7v6DUAJyv7fb0+I=
-4,42,VQqITfQDBnJnda28JqRLOKWHLFo=,IdAGfmku2G3ogdR4FGcgdxSE2mQ=
-13,36,VQqITfQDBnJnda28JqRLOKWHLFo=,aL6J9CoTH0jz7v6DUAJyv7fb0+I=
-3,42,VQqITfQDBnJnda28JqRLOKWHLFo=,IdAGfmku2G3ogdR4FGcgdxSE2mQ=
-12,36,VQqITfQDBnJnda28JqRLOKWHLFo=,aL6J9CoTH0jz7v6DUAJyv7fb0+I=
-2,42,VQqITfQDBnJnda28JqRLOKWHLFo=,IdAGfmku2G3ogdR4FGcgdxSE2mQ=
-11,40,VQqITfQDBnJnda28JqRLOKWHLFo=,k/LQPTX8YUm4Hrh4bCO2HFLWbkQ=
-9,45,VQqITfQDBnJnda28JqRLOKWHLFo=,k/LQPTX8YUm4Hrh4bCO2HFLWbkQ=
-10,34,VQqITfQDBnJnda28JqRLOKWHLFo=,aL6J9CoTH0jz7v6DUAJyv7fb0+I=
-8,43,VQqITfQDBnJnda28JqRLOKWHLFo=,IdAGfmku2G3ogdR4FGcgdxSE2mQ=
-15,35,VQqITfQDBnJnda28JqRLOKWHLFo=,aL6J9CoTH0jz7v6DUAJyv7fb0+I=
-9,41,VQqITfQDBnJnda28JqRLOKWHLFo=,k/LQPTX8YUm4Hrh4bCO2HFLWbkQ=
-14,35,VQqITfQDBnJnda28JqRLOKWHLFo=,aL6J9CoTH0jz7v6DUAJyv7fb0+I=
-7,43,VQqITfQDBnJnda28JqRLOKWHLFo=,IdAGfmku2G3ogdR4FGcgdxSE2mQ=
-13,35,VQqITfQDBnJnda28JqRLOKWHLFo=,aL6J9CoTH0jz7v6DUAJyv7fb0+I=
-4,35,VQqITfQDBnJnda28JqRLOKWHLFo=,yiUPSpg8GBXNhTbKxKZ6P7Jb4Gg=
-6,43,VQqITfQDBnJnda28JqRLOKWHLFo=,IdAGfmku2G3ogdR4FGcgdxSE2mQ=
-12,35,VQqITfQDBnJnda28JqRLOKWHLFo=,aL6J9CoTH0jz7v6DUAJyv7fb0+I=
-9,46,VQqITfQDBnJnda28JqRLOKWHLFo=,k/LQPTX8YUm4Hrh4bCO2HFLWbkQ=
-12,33,VQqITfQDBnJnda28JqRLOKWHLFo=,aL6J9CoTH0jz7v6DUAJyv7fb0+I=
-9,37,VQqITfQDBnJnda28JqRLOKWHLFo=,aL6J9CoTH0jz7v6DUAJyv7fb0+I=
-5,43,VQqITfQDBnJnda28JqRLOKWHLFo=,IdAGfmku2G3ogdR4FGcgdxSE2mQ=
-10,40,VQqITfQDBnJnda28JqRLOKWHLFo=,k/LQPTX8YUm4Hrh4bCO2HFLWbkQ=
-8,40,VQqITfQDBnJnda28JqRLOKWHLFo=,IdAGfmku2G3ogdR4FGcgdxSE2mQ=
-4,43,VQqITfQDBnJnda28JqRLOKWHLFo=,IdAGfmku2G3ogdR4FGcgdxSE2mQ=
-3,43,VQqITfQDBnJnda28JqRLOKWHLFo=,IdAGfmku2G3ogdR4FGcgdxSE2mQ=
-11,35,VQqITfQDBnJnda28JqRLOKWHLFo=,aL6J9CoTH0jz7v6DUAJyv7fb0+I=
-7,40,VQqITfQDBnJnda28JqRLOKWHLFo=,IdAGfmku2G3ogdR4FGcgdxSE2mQ=
-14,32,VQqITfQDBnJnda28JqRLOKWHLFo=,aL6J9CoTH0jz7v6DUAJyv7fb0+I=
-6,40,VQqITfQDBnJnda28JqRLOKWHLFo=,IdAGfmku2G3ogdR4FGcgdxSE2mQ=
-2,43,VQqITfQDBnJnda28JqRLOKWHLFo=,IdAGfmku2G3ogdR4FGcgdxSE2mQ=
-11,33,VQqITfQDBnJnda28JqRLOKWHLFo=,aL6J9CoTH0jz7v6DUAJyv7fb0+I=
-8,44,VQqITfQDBnJnda28JqRLOKWHLFo=,IdAGfmku2G3ogdR4FGcgdxSE2mQ=
-5,40,VQqITfQDBnJnda28JqRLOKWHLFo=,IdAGfmku2G3ogdR4FGcgdxSE2mQ=
-10,33,VQqITfQDBnJnda28JqRLOKWHLFo=,aL6J9CoTH0jz7v6DUAJyv7fb0+I=
-7,44,VQqITfQDBnJnda28JqRLOKWHLFo=,IdAGfmku2G3ogdR4FGcgdxSE2mQ=
-9,42,VQqITfQDBnJnda28JqRLOKWHLFo=,k/LQPTX8YUm4Hrh4bCO2HFLWbkQ=
-4,40,VQqITfQDBnJnda28JqRLOKWHLFo=,IdAGfmku2G3ogdR4FGcgdxSE2mQ=
-6,44,VQqITfQDBnJnda28JqRLOKWHLFo=,IdAGfmku2G3ogdR4FGcgdxSE2mQ=
-5,44,VQqITfQDBnJnda28JqRLOKWHLFo=,IdAGfmku2G3ogdR4FGcgdxSE2mQ=
-3,35,VQqITfQDBnJnda28JqRLOKWHLFo=,yiUPSpg8GBXNhTbKxKZ6P7Jb4Gg=
-4,44,VQqITfQDBnJnda28JqRLOKWHLFo=,IdAGfmku2G3ogdR4FGcgdxSE2mQ=
-13,42,VQqITfQDBnJnda28JqRLOKWHLFo=,k/LQPTX8YUm4Hrh4bCO2HFLWbkQ=
-3,44,VQqITfQDBnJnda28JqRLOKWHLFo=,IdAGfmku2G3ogdR4FGcgdxSE2mQ=
-3,40,VQqITfQDBnJnda28JqRLOKWHLFo=,IdAGfmku2G3ogdR4FGcgdxSE2mQ=
-2,40,VQqITfQDBnJnda28JqRLOKWHLFo=,IdAGfmku2G3ogdR4FGcgdxSE2mQ=
-2,44,VQqITfQDBnJnda28JqRLOKWHLFo=,IdAGfmku2G3ogdR4FGcgdxSE2mQ=
-8,45,VQqITfQDBnJnda28JqRLOKWHLFo=,IdAGfmku2G3ogdR4FGcgdxSE2mQ=
-7,45,VQqITfQDBnJnda28JqRLOKWHLFo=,IdAGfmku2G3ogdR4FGcgdxSE2mQ=
-2,35,VQqITfQDBnJnda28JqRLOKWHLFo=,yiUPSpg8GBXNhTbKxKZ6P7Jb4Gg=
-1,35,VQqITfQDBnJnda28JqRLOKWHLFo=,yiUPSpg8GBXNhTbKxKZ6P7Jb4Gg=
-8,36,VQqITfQDBnJnda28JqRLOKWHLFo=,yiUPSpg8GBXNhTbKxKZ6P7Jb4Gg=
-1,36,VQqITfQDBnJnda28JqRLOKWHLFo=,yiUPSpg8GBXNhTbKxKZ6P7Jb4Gg=
-1,37,VQqITfQDBnJnda28JqRLOKWHLFo=,yiUPSpg8GBXNhTbKxKZ6P7Jb4Gg=
-7,36,VQqITfQDBnJnda28JqRLOKWHLFo=,yiUPSpg8GBXNhTbKxKZ6P7Jb4Gg=
-1,33,VQqITfQDBnJnda28JqRLOKWHLFo=,yiUPSpg8GBXNhTbKxKZ6P7Jb4Gg=
-9,38,VQqITfQDBnJnda28JqRLOKWHLFo=,aL6J9CoTH0jz7v6DUAJyv7fb0+I=
-1,38,VQqITfQDBnJnda28JqRLOKWHLFo=,yiUPSpg8GBXNhTbKxKZ6P7Jb4Gg=
-6,36,VQqITfQDBnJnda28JqRLOKWHLFo=,yiUPSpg8GBXNhTbKxKZ6P7Jb4Gg=
-1,34,VQqITfQDBnJnda28JqRLOKWHLFo=,yiUPSpg8GBXNhTbKxKZ6P7Jb4Gg=
-5,36,VQqITfQDBnJnda28JqRLOKWHLFo=,yiUPSpg8GBXNhTbKxKZ6P7Jb4Gg=
-1,45,VQqITfQDBnJnda28JqRLOKWHLFo=,IdAGfmku2G3ogdR4FGcgdxSE2mQ=
-4,36,VQqITfQDBnJnda28JqRLOKWHLFo=,yiUPSpg8GBXNhTbKxKZ6P7Jb4Gg=
-1,46,VQqITfQDBnJnda28JqRLOKWHLFo=,IdAGfmku2G3ogdR4FGcgdxSE2mQ=
-1,40,VQqITfQDBnJnda28JqRLOKWHLFo=,IdAGfmku2G3ogdR4FGcgdxSE2mQ=
-9,39,VQqITfQDBnJnda28JqRLOKWHLFo=,aL6J9CoTH0jz7v6DUAJyv7fb0+I=
-1,41,VQqITfQDBnJnda28JqRLOKWHLFo=,IdAGfmku2G3ogdR4FGcgdxSE2mQ=
-3,36,VQqITfQDBnJnda28JqRLOKWHLFo=,yiUPSpg8GBXNhTbKxKZ6P7Jb4Gg=
-1,42,VQqITfQDBnJnda28JqRLOKWHLFo=,IdAGfmku2G3ogdR4FGcgdxSE2mQ=
-1,43,VQqITfQDBnJnda28JqRLOKWHLFo=,IdAGfmku2G3ogdR4FGcgdxSE2mQ=
-2,36,VQqITfQDBnJnda28JqRLOKWHLFo=,yiUPSpg8GBXNhTbKxKZ6P7Jb4Gg=
-9,35,VQqITfQDBnJnda28JqRLOKWHLFo=,aL6J9CoTH0jz7v6DUAJyv7fb0+I=
-1,44,VQqITfQDBnJnda28JqRLOKWHLFo=,IdAGfmku2G3ogdR4FGcgdxSE2mQ=
-7,47,VQqITfQDBnJnda28JqRLOKWHLFo=,IdAGfmku2G3ogdR4FGcgdxSE2mQ=
-8,37,VQqITfQDBnJnda28JqRLOKWHLFo=,yiUPSpg8GBXNhTbKxKZ6P7Jb4Gg=
-6,47,VQqITfQDBnJnda28JqRLOKWHLFo=,IdAGfmku2G3ogdR4FGcgdxSE2mQ=
-1,39,VQqITfQDBnJnda28JqRLOKWHLFo=,yiUPSpg8GBXNhTbKxKZ6P7Jb4Gg=
-7,37,VQqITfQDBnJnda28JqRLOKWHLFo=,yiUPSpg8GBXNhTbKxKZ6P7Jb4Gg=
-5,47,VQqITfQDBnJnda28JqRLOKWHLFo=,IdAGfmku2G3ogdR4FGcgdxSE2mQ=
-4,47,VQqITfQDBnJnda28JqRLOKWHLFo=,IdAGfmku2G3ogdR4FGcgdxSE2mQ=
-6,37,VQqITfQDBnJnda28JqRLOKWHLFo=,yiUPSpg8GBXNhTbKxKZ6P7Jb4Gg=
-3,47,VQqITfQDBnJnda28JqRLOKWHLFo=,IdAGfmku2G3ogdR4FGcgdxSE2mQ=
-2,47,VQqITfQDBnJnda28JqRLOKWHLFo=,IdAGfmku2G3ogdR4FGcgdxSE2mQ=
-8,47,VQqITfQDBnJnda28JqRLOKWHLFo=,IdAGfmku2G3ogdR4FGcgdxSE2mQ=
-15,47,VQqITfQDBnJnda28JqRLOKWHLFo=,k/LQPTX8YUm4Hrh4bCO2HFLWbkQ=
-14,47,VQqITfQDBnJnda28JqRLOKWHLFo=,k/LQPTX8YUm4Hrh4bCO2HFLWbkQ=
-13,47,VQqITfQDBnJnda28JqRLOKWHLFo=,k/LQPTX8YUm4Hrh4bCO2HFLWbkQ=
-12,47,VQqITfQDBnJnda28JqRLOKWHLFo=,k/LQPTX8YUm4Hrh4bCO2HFLWbkQ=
-11,47,VQqITfQDBnJnda28JqRLOKWHLFo=,k/LQPTX8YUm4Hrh4bCO2HFLWbkQ=
-9,34,VQqITfQDBnJnda28JqRLOKWHLFo=,aL6J9CoTH0jz7v6DUAJyv7fb0+I=
-10,47,VQqITfQDBnJnda28JqRLOKWHLFo=,k/LQPTX8YUm4Hrh4bCO2HFLWbkQ=
-5,37,VQqITfQDBnJnda28JqRLOKWHLFo=,yiUPSpg8GBXNhTbKxKZ6P7Jb4Gg=
-9,47,VQqITfQDBnJnda28JqRLOKWHLFo=,k/LQPTX8YUm4Hrh4bCO2HFLWbkQ=
-9,40,VQqITfQDBnJnda28JqRLOKWHLFo=,k/LQPTX8YUm4Hrh4bCO2HFLWbkQ=
-8,33,VQqITfQDBnJnda28JqRLOKWHLFo=,yiUPSpg8GBXNhTbKxKZ6P7Jb4Gg=
-16,44,VQqITfQDBnJnda28JqRLOKWHLFo=,k/LQPTX8YUm4Hrh4bCO2HFLWbkQ=
-4,37,VQqITfQDBnJnda28JqRLOKWHLFo=,yiUPSpg8GBXNhTbKxKZ6P7Jb4Gg=
-16,45,VQqITfQDBnJnda28JqRLOKWHLFo=,k/LQPTX8YUm4Hrh4bCO2HFLWbkQ=
-7,33,VQqITfQDBnJnda28JqRLOKWHLFo=,yiUPSpg8GBXNhTbKxKZ6P7Jb4Gg=
-3,37,VQqITfQDBnJnda28JqRLOKWHLFo=,yiUPSpg8GBXNhTbKxKZ6P7Jb4Gg=
-16,41,VQqITfQDBnJnda28JqRLOKWHLFo=,k/LQPTX8YUm4Hrh4bCO2HFLWbkQ=
-16,46,VQqITfQDBnJnda28JqRLOKWHLFo=,k/LQPTX8YUm4Hrh4bCO2HFLWbkQ=
-16,42,VQqITfQDBnJnda28JqRLOKWHLFo=,k/LQPTX8YUm4Hrh4bCO2HFLWbkQ=
-16,38,VQqITfQDBnJnda28JqRLOKWHLFo=,aL6J9CoTH0jz7v6DUAJyv7fb0+I=
-16,43,VQqITfQDBnJnda28JqRLOKWHLFo=,k/LQPTX8YUm4Hrh4bCO2HFLWbkQ=
-16,32,VQqITfQDBnJnda28JqRLOKWHLFo=,aL6J9CoTH0jz7v6DUAJyv7fb0+I=
-16,34,VQqITfQDBnJnda28JqRLOKWHLFo=,aL6J9CoTH0jz7v6DUAJyv7fb0+I=
-16,47,VQqITfQDBnJnda28JqRLOKWHLFo=,k/LQPTX8YUm4Hrh4bCO2HFLWbkQ=
-2,37,VQqITfQDBnJnda28JqRLOKWHLFo=,yiUPSpg8GBXNhTbKxKZ6P7Jb4Gg=
-16,33,VQqITfQDBnJnda28JqRLOKWHLFo=,aL6J9CoTH0jz7v6DUAJyv7fb0+I=
-8,38,VQqITfQDBnJnda28JqRLOKWHLFo=,yiUPSpg8GBXNhTbKxKZ6P7Jb4Gg=
-16,39,VQqITfQDBnJnda28JqRLOKWHLFo=,aL6J9CoTH0jz7v6DUAJyv7fb0+I=
-16,36,VQqITfQDBnJnda28JqRLOKWHLFo=,aL6J9CoTH0jz7v6DUAJyv7fb0+I=
-7,38,VQqITfQDBnJnda28JqRLOKWHLFo=,yiUPSpg8GBXNhTbKxKZ6P7Jb4Gg=
-6,38,VQqITfQDBnJnda28JqRLOKWHLFo=,yiUPSpg8GBXNhTbKxKZ6P7Jb4Gg=
-16,40,VQqITfQDBnJnda28JqRLOKWHLFo=,k/LQPTX8YUm4Hrh4bCO2HFLWbkQ=
-5,38,VQqITfQDBnJnda28JqRLOKWHLFo=,yiUPSpg8GBXNhTbKxKZ6P7Jb4Gg=
-16,35,VQqITfQDBnJnda28JqRLOKWHLFo=,aL6J9CoTH0jz7v6DUAJyv7fb0+I=
-6,33,VQqITfQDBnJnda28JqRLOKWHLFo=,yiUPSpg8GBXNhTbKxKZ6P7Jb4Gg=
-16,37,VQqITfQDBnJnda28JqRLOKWHLFo=,aL6J9CoTH0jz7v6DUAJyv7fb0+I=
-5,33,VQqITfQDBnJnda28JqRLOKWHLFo=,yiUPSpg8GBXNhTbKxKZ6P7Jb4Gg=
-9,32,VQqITfQDBnJnda28JqRLOKWHLFo=,aL6J9CoTH0jz7v6DUAJyv7fb0+I=
-1,32,VQqITfQDBnJnda28JqRLOKWHLFo=,yiUPSpg8GBXNhTbKxKZ6P7Jb4Gg=
-4,38,VQqITfQDBnJnda28JqRLOKWHLFo=,yiUPSpg8GBXNhTbKxKZ6P7Jb4Gg=
-8,32,VQqITfQDBnJnda28JqRLOKWHLFo=,yiUPSpg8GBXNhTbKxKZ6P7Jb4Gg=
-1,47,VQqITfQDBnJnda28JqRLOKWHLFo=,IdAGfmku2G3ogdR4FGcgdxSE2mQ=
-3,38,VQqITfQDBnJnda28JqRLOKWHLFo=,yiUPSpg8GBXNhTbKxKZ6P7Jb4Gg=
-14,42,VQqITfQDBnJnda28JqRLOKWHLFo=,k/LQPTX8YUm4Hrh4bCO2HFLWbkQ=
-9,33,VQqITfQDBnJnda28JqRLOKWHLFo=,aL6J9CoTH0jz7v6DUAJyv7fb0+I=
-2,32,VQqITfQDBnJnda28JqRLOKWHLFo=,yiUPSpg8GBXNhTbKxKZ6P7Jb4Gg=
-2,38,VQqITfQDBnJnda28JqRLOKWHLFo=,yiUPSpg8GBXNhTbKxKZ6P7Jb4Gg=
-3,32,VQqITfQDBnJnda28JqRLOKWHLFo=,yiUPSpg8GBXNhTbKxKZ6P7Jb4Gg=
-5,35,VQqITfQDBnJnda28JqRLOKWHLFo=,yiUPSpg8GBXNhTbKxKZ6P7Jb4Gg=
-4,33,VQqITfQDBnJnda28JqRLOKWHLFo=,yiUPSpg8GBXNhTbKxKZ6P7Jb4Gg=
-7,32,VQqITfQDBnJnda28JqRLOKWHLFo=,yiUPSpg8GBXNhTbKxKZ6P7Jb4Gg=
-9,36,VQqITfQDBnJnda28JqRLOKWHLFo=,aL6J9CoTH0jz7v6DUAJyv7fb0+I=
-6,32,VQqITfQDBnJnda28JqRLOKWHLFo=,yiUPSpg8GBXNhTbKxKZ6P7Jb4Gg=
-3,33,VQqITfQDBnJnda28JqRLOKWHLFo=,yiUPSpg8GBXNhTbKxKZ6P7Jb4Gg=
-5,32,VQqITfQDBnJnda28JqRLOKWHLFo=,yiUPSpg8GBXNhTbKxKZ6P7Jb4Gg=
-6,35,VQqITfQDBnJnda28JqRLOKWHLFo=,yiUPSpg8GBXNhTbKxKZ6P7Jb4Gg=
-4,32,VQqITfQDBnJnda28JqRLOKWHLFo=,yiUPSpg8GBXNhTbKxKZ6P7Jb4Gg=
-2,33,VQqITfQDBnJnda28JqRLOKWHLFo=,yiUPSpg8GBXNhTbKxKZ6P7Jb4Gg=
-2,39,VQqITfQDBnJnda28JqRLOKWHLFo=,yiUPSpg8GBXNhTbKxKZ6P7Jb4Gg=
-10,46,VQqITfQDBnJnda28JqRLOKWHLFo=,k/LQPTX8YUm4Hrh4bCO2HFLWbkQ=
-8,39,VQqITfQDBnJnda28JqRLOKWHLFo=,yiUPSpg8GBXNhTbKxKZ6P7Jb4Gg=
-3,39,VQqITfQDBnJnda28JqRLOKWHLFo=,yiUPSpg8GBXNhTbKxKZ6P7Jb4Gg=
-7,35,VQqITfQDBnJnda28JqRLOKWHLFo=,yiUPSpg8GBXNhTbKxKZ6P7Jb4Gg=
-8,34,VQqITfQDBnJnda28JqRLOKWHLFo=,yiUPSpg8GBXNhTbKxKZ6P7Jb4Gg=
-11,46,VQqITfQDBnJnda28JqRLOKWHLFo=,k/LQPTX8YUm4Hrh4bCO2HFLWbkQ=
-12,46,VQqITfQDBnJnda28JqRLOKWHLFo=,k/LQPTX8YUm4Hrh4bCO2HFLWbkQ=
-7,34,VQqITfQDBnJnda28JqRLOKWHLFo=,yiUPSpg8GBXNhTbKxKZ6P7Jb4Gg=
-8,35,VQqITfQDBnJnda28JqRLOKWHLFo=,yiUPSpg8GBXNhTbKxKZ6P7Jb4Gg=
-2,34,VQqITfQDBnJnda28JqRLOKWHLFo=,yiUPSpg8GBXNhTbKxKZ6P7Jb4Gg=
-6,34,VQqITfQDBnJnda28JqRLOKWHLFo=,yiUPSpg8GBXNhTbKxKZ6P7Jb4Gg=
-4,39,VQqITfQDBnJnda28JqRLOKWHLFo=,yiUPSpg8GBXNhTbKxKZ6P7Jb4Gg=
-5,39,VQqITfQDBnJnda28JqRLOKWHLFo=,yiUPSpg8GBXNhTbKxKZ6P7Jb4Gg=
-5,34,VQqITfQDBnJnda28JqRLOKWHLFo=,yiUPSpg8GBXNhTbKxKZ6P7Jb4Gg=
-7,39,VQqITfQDBnJnda28JqRLOKWHLFo=,yiUPSpg8GBXNhTbKxKZ6P7Jb4Gg=
-4,34,VQqITfQDBnJnda28JqRLOKWHLFo=,yiUPSpg8GBXNhTbKxKZ6P7Jb4Gg=
-15,42,VQqITfQDBnJnda28JqRLOKWHLFo=,k/LQPTX8YUm4Hrh4bCO2HFLWbkQ=
-3,34,VQqITfQDBnJnda28JqRLOKWHLFo=,yiUPSpg8GBXNhTbKxKZ6P7Jb4Gg=
-6,39,VQqITfQDBnJnda28JqRLOKWHLFo=,yiUPSpg8GBXNhTbKxKZ6P7Jb4Gg=
-13,46,VQqITfQDBnJnda28JqRLOKWHLFo=,k/LQPTX8YUm4Hrh4bCO2HFLWbkQ=
-15,46,VQqITfQDBnJnda28JqRLOKWHLFo=,k/LQPTX8YUm4Hrh4bCO2HFLWbkQ=
-14,46,VQqITfQDBnJnda28JqRLOKWHLFo=,k/LQPTX8YUm4Hrh4bCO2HFLWbkQ=
-10,41,VQqITfQDBnJnda28JqRLOKWHLFo=,k/LQPTX8YUm4Hrh4bCO2HFLWbkQ=
-11,41,VQqITfQDBnJnda28JqRLOKWHLFo=,k/LQPTX8YUm4Hrh4bCO2HFLWbkQ=
-12,41,VQqITfQDBnJnda28JqRLOKWHLFo=,k/LQPTX8YUm4Hrh4bCO2HFLWbkQ=
-10,45,VQqITfQDBnJnda28JqRLOKWHLFo=,k/LQPTX8YUm4Hrh4bCO2HFLWbkQ=
-11,45,VQqITfQDBnJnda28JqRLOKWHLFo=,k/LQPTX8YUm4Hrh4bCO2HFLWbkQ=
-13,45,VQqITfQDBnJnda28JqRLOKWHLFo=,k/LQPTX8YUm4Hrh4bCO2HFLWbkQ=
-13,41,VQqITfQDBnJnda28JqRLOKWHLFo=,k/LQPTX8YUm4Hrh4bCO2HFLWbkQ=
-14,41,VQqITfQDBnJnda28JqRLOKWHLFo=,k/LQPTX8YUm4Hrh4bCO2HFLWbkQ=
-15,41,VQqITfQDBnJnda28JqRLOKWHLFo=,k/LQPTX8YUm4Hrh4bCO2HFLWbkQ=
-15,45,VQqITfQDBnJnda28JqRLOKWHLFo=,k/LQPTX8YUm4Hrh4bCO2HFLWbkQ=
-14,45,VQqITfQDBnJnda28JqRLOKWHLFo=,k/LQPTX8YUm4Hrh4bCO2HFLWbkQ=
-11,44,VQqITfQDBnJnda28JqRLOKWHLFo=,k/LQPTX8YUm4Hrh4bCO2HFLWbkQ=
-10,44,VQqITfQDBnJnda28JqRLOKWHLFo=,k/LQPTX8YUm4Hrh4bCO2HFLWbkQ=
-12,44,VQqITfQDBnJnda28JqRLOKWHLFo=,k/LQPTX8YUm4Hrh4bCO2HFLWbkQ=
-13,44,VQqITfQDBnJnda28JqRLOKWHLFo=,k/LQPTX8YUm4Hrh4bCO2HFLWbkQ=
-12,45,VQqITfQDBnJnda28JqRLOKWHLFo=,k/LQPTX8YUm4Hrh4bCO2HFLWbkQ=
