12,11,EsBCpUFspQJW08nxdKdZNr/oBVg=,+YleWaV7OxL120YuH8fJ1f7jRIg=
13,11,EsBCpUFspQJW08nxdKdZNr/oBVg=,+YleWaV7OxL120YuH8fJ1f7jRIg=
12,10,EsBCpUFspQJW08nxdKdZNr/oBVg=,+YleWaV7OxL120YuH8fJ1f7jRIg=
14,11,EsBCpUFspQJW08nxdKdZNr/oBVg=,+YleWaV7OxL120YuH8fJ1f7jRIg=
11,11,EsBCpUFspQJW08nxdKdZNr/oBVg=,+YleWaV7OxL120YuH8fJ1f7jRIg=
12,3,EsBCpUFspQJW08nxdKdZNr/oBVg=,kkQRsbl5fRt/mCeosU4XMOqKtAA=
12,7,xRc7oNVkb10ePLFXhhu/KtdwbJQ=,kkQRsbl5fRt/mCeosU4XMOqKtAA=
13,7,xRc7oNVkb10ePLFXhhu/KtdwbJQ=,kkQRsbl5fRt/mCeosU4XMOqKtAA=
13,3,xRc7oNVkb10ePLFXhhu/KtdwbJQ=,kkQRsbl5fRt/mCeosU4XMOqKtAA=
12,1,2MVduB93ldwW4XuDRAv/85s65Bk=,kkQRsbl5fRt/mCeosU4XMOqKtAA=
4,6,2MVduB93ldwW4XuDRAv/85s65Bk=,Up4ZBcN6UB3j/Bi2PG3T1jAOlXw=
14,3,2MVduB93ldwW4XuDRAv/85s65Bk=,kkQRsbl5fRt/mCeosU4XMOqKtAA=
5,6,2MVduB93ldwW4XuDRAv/85s65Bk=,Up4ZBcN6UB3j/Bi2PG3T1jAOlXw=
12,8,8VbD3lk1Yv9yZ2qQLXDyQb7V7E8=,+YleWaV7OxL120YuH8fJ1f7jRIg=
4,2,8VbD3lk1Yv9yZ2qQLXDyQb7V7E8=,Up4ZBcN6UB3j/Bi2PG3T1jAOlXw=
13,1,8VbD3lk1Yv9yZ2qQLXDyQb7V7E8=,kkQRsbl5fRt/mCeosU4XMOqKtAA=
4,1,8VbD3lk1Yv9yZ2qQLXDyQb7V7E8=,Up4ZBcN6UB3j/Bi2PG3T1jAOlXw=
2,6,8VbD3lk1Yv9yZ2qQLXDyQb7V7E8=,Up4ZBcN6UB3j/Bi2PG3T1jAOlXw=
4,5,8VbD3lk1Yv9yZ2qQLXDyQb7V7E8=,Up4ZBcN6UB3j/Bi2PG3T1jAOlXw=
14,1,8VbD3lk1Yv9yZ2qQLXDyQb7V7E8=,kkQRsbl5fRt/mCeosU4XMOqKtAA=
4,8,8VbD3lk1Yv9yZ2qQLXDyQb7V7E8=,O/ylMHTjGTdyCf4l5a9iEHi/m7Q=
12,5,8VbD3lk1Yv9yZ2qQLXDyQb7V7E8=,kkQRsbl5fRt/mCeosU4XMOqKtAA=
4,13,8VbD3lk1Yv9yZ2qQLXDyQb7V7E8=,O/ylMHTjGTdyCf4l5a9iEHi/m7Q=
5,2,8VbD3lk1Yv9yZ2qQLXDyQb7V7E8=,Up4ZBcN6UB3j/Bi2PG3T1jAOlXw=
12,6,8VbD3lk1Yv9yZ2qQLXDyQb7V7E8=,kkQRsbl5fRt/mCeosU4XMOqKtAA=
5,8,8VbD3lk1Yv9yZ2qQLXDyQb7V7E8=,O/ylMHTjGTdyCf4l5a9iEHi/m7Q=
5,1,8VbD3lk1Yv9yZ2qQLXDyQb7V7E8=,Up4ZBcN6UB3j/Bi2PG3T1jAOlXw=
13,8,8VbD3lk1Yv9yZ2qQLXDyQb7V7E8=,+YleWaV7OxL120YuH8fJ1f7jRIg=
6,8,8VbD3lk1Yv9yZ2qQLXDyQb7V7E8=,O/ylMHTjGTdyCf4l5a9iEHi/m7Q=
1,5,8VbD3lk1Yv9yZ2qQLXDyQb7V7E8=,Up4ZBcN6UB3j/Bi2PG3T1jAOlXw=
14,7,8VbD3lk1Yv9yZ2qQLXDyQb7V7E8=,kkQRsbl5fRt/mCeosU4XMOqKtAA=
4,12,8VbD3lk1Yv9yZ2qQLXDyQb7V7E8=,O/ylMHTjGTdyCf4l5a9iEHi/m7Q=
2,5,8VbD3lk1Yv9yZ2qQLXDyQb7V7E8=,Up4ZBcN6UB3j/Bi2PG3T1jAOlXw=
14,8,8VbD3lk1Yv9yZ2qQLXDyQb7V7E8=,+YleWaV7OxL120YuH8fJ1f7jRIg=
13,5,8VbD3lk1Yv9yZ2qQLXDyQb7V7E8=,kkQRsbl5fRt/mCeosU4XMOqKtAA=
5,13,8VbD3lk1Yv9yZ2qQLXDyQb7V7E8=,O/ylMHTjGTdyCf4l5a9iEHi/m7Q=
9,4,8VbD3lk1Yv9yZ2qQLXDyQb7V7E8=,kkQRsbl5fRt/mCeosU4XMOqKtAA=
8,12,8VbD3lk1Yv9yZ2qQLXDyQb7V7E8=,+YleWaV7OxL120YuH8fJ1f7jRIg=
4,4,8VbD3lk1Yv9yZ2qQLXDyQb7V7E8=,Up4ZBcN6UB3j/Bi2PG3T1jAOlXw=
10,4,8VbD3lk1Yv9yZ2qQLXDyQb7V7E8=,kkQRsbl5fRt/mCeosU4XMOqKtAA=
6,13,8VbD3lk1Yv9yZ2qQLXDyQb7V7E8=,O/ylMHTjGTdyCf4l5a9iEHi/m7Q=
3,5,8VbD3lk1Yv9yZ2qQLXDyQb7V7E8=,Up4ZBcN6UB3j/Bi2PG3T1jAOlXw=
12,2,8VbD3lk1Yv9yZ2qQLXDyQb7V7E8=,kkQRsbl5fRt/mCeosU4XMOqKtAA=
7,13,8VbD3lk1Yv9yZ2qQLXDyQb7V7E8=,O/ylMHTjGTdyCf4l5a9iEHi/m7Q=
5,5,8VbD3lk1Yv9yZ2qQLXDyQb7V7E8=,Up4ZBcN6UB3j/Bi2PG3T1jAOlXw=
9,8,8VbD3lk1Yv9yZ2qQLXDyQb7V7E8=,+YleWaV7OxL120YuH8fJ1f7jRIg=
7,8,8VbD3lk1Yv9yZ2qQLXDyQb7V7E8=,O/ylMHTjGTdyCf4l5a9iEHi/m7Q=
3,6,8VbD3lk1Yv9yZ2qQLXDyQb7V7E8=,Up4ZBcN6UB3j/Bi2PG3T1jAOlXw=
13,2,8VbD3lk1Yv9yZ2qQLXDyQb7V7E8=,kkQRsbl5fRt/mCeosU4XMOqKtAA=
4,10,8VbD3lk1Yv9yZ2qQLXDyQb7V7E8=,O/ylMHTjGTdyCf4l5a9iEHi/m7Q=
9,2,8VbD3lk1Yv9yZ2qQLXDyQb7V7E8=,kkQRsbl5fRt/mCeosU4XMOqKtAA=
5,12,8VbD3lk1Yv9yZ2qQLXDyQb7V7E8=,O/ylMHTjGTdyCf4l5a9iEHi/m7Q=
6,6,8VbD3lk1Yv9yZ2qQLXDyQb7V7E8=,Up4ZBcN6UB3j/Bi2PG3T1jAOlXw=
14,2,8VbD3lk1Yv9yZ2qQLXDyQb7V7E8=,kkQRsbl5fRt/mCeosU4XMOqKtAA=
1,9,8VbD3lk1Yv9yZ2qQLXDyQb7V7E8=,O/ylMHTjGTdyCf4l5a9iEHi/m7Q=
14,5,8VbD3lk1Yv9yZ2qQLXDyQb7V7E8=,kkQRsbl5fRt/mCeosU4XMOqKtAA=
1,14,8VbD3lk1Yv9yZ2qQLXDyQb7V7E8=,O/ylMHTjGTdyCf4l5a9iEHi/m7Q=
8,2,8VbD3lk1Yv9yZ2qQLXDyQb7V7E8=,kkQRsbl5fRt/mCeosU4XMOqKtAA=
13,6,8VbD3lk1Yv9yZ2qQLXDyQb7V7E8=,kkQRsbl5fRt/mCeosU4XMOqKtAA=
1,1,8VbD3lk1Yv9yZ2qQLXDyQb7V7E8=,Up4ZBcN6UB3j/Bi2PG3T1jAOlXw=
2,14,8VbD3lk1Yv9yZ2qQLXDyQb7V7E8=,O/ylMHTjGTdyCf4l5a9iEHi/m7Q=
14,6,8VbD3lk1Yv9yZ2qQLXDyQb7V7E8=,kkQRsbl5fRt/mCeosU4XMOqKtAA=
8,4,8VbD3lk1Yv9yZ2qQLXDyQb7V7E8=,kkQRsbl5fRt/mCeosU4XMOqKtAA=
3,14,8VbD3lk1Yv9yZ2qQLXDyQb7V7E8=,O/ylMHTjGTdyCf4l5a9iEHi/m7Q=
11,4,8VbD3lk1Yv9yZ2qQLXDyQb7V7E8=,kkQRsbl5fRt/mCeosU4XMOqKtAA=
2,1,8VbD3lk1Yv9yZ2qQLXDyQb7V7E8=,Up4ZBcN6UB3j/Bi2PG3T1jAOlXw=
12,4,8VbD3lk1Yv9yZ2qQLXDyQb7V7E8=,kkQRsbl5fRt/mCeosU4XMOqKtAA=
8,8,8VbD3lk1Yv9yZ2qQLXDyQb7V7E8=,+YleWaV7OxL120YuH8fJ1f7jRIg=
7,6,8VbD3lk1Yv9yZ2qQLXDyQb7V7E8=,Up4ZBcN6UB3j/Bi2PG3T1jAOlXw=
13,4,8VbD3lk1Yv9yZ2qQLXDyQb7V7E8=,kkQRsbl5fRt/mCeosU4XMOqKtAA=
6,2,8VbD3lk1Yv9yZ2qQLXDyQb7V7E8=,Up4ZBcN6UB3j/Bi2PG3T1jAOlXw=
8,9,8VbD3lk1Yv9yZ2qQLXDyQb7V7E8=,+YleWaV7OxL120YuH8fJ1f7jRIg=
9,7,8VbD3lk1Yv9yZ2qQLXDyQb7V7E8=,kkQRsbl5fRt/mCeosU4XMOqKtAA=
5,4,8VbD3lk1Yv9yZ2qQLXDyQb7V7E8=,Up4ZBcN6UB3j/Bi2PG3T1jAOlXw=
5,10,8VbD3lk1Yv9yZ2qQLXDyQb7V7E8=,O/ylMHTjGTdyCf4l5a9iEHi/m7Q=
10,2,8VbD3lk1Yv9yZ2qQLXDyQb7V7E8=,kkQRsbl5fRt/mCeosU4XMOqKtAA=
1,6,8VbD3lk1Yv9yZ2qQLXDyQb7V7E8=,Up4ZBcN6UB3j/Bi2PG3T1jAOlXw=
10,8,8VbD3lk1Yv9yZ2qQLXDyQb7V7E8=,+YleWaV7OxL120YuH8fJ1f7jRIg=
2,9,8VbD3lk1Yv9yZ2qQLXDyQb7V7E8=,O/ylMHTjGTdyCf4l5a9iEHi/m7Q=
1,4,8VbD3lk1Yv9yZ2qQLXDyQb7V7E8=,Up4ZBcN6UB3j/Bi2PG3T1jAOlXw=
6,10,8VbD3lk1Yv9yZ2qQLXDyQb7V7E8=,O/ylMHTjGTdyCf4l5a9iEHi/m7Q=
14,4,8VbD3lk1Yv9yZ2qQLXDyQb7V7E8=,kkQRsbl5fRt/mCeosU4XMOqKtAA=
7,2,8VbD3lk1Yv9yZ2qQLXDyQb7V7E8=,Up4ZBcN6UB3j/Bi2PG3T1jAOlXw=
4,14,8VbD3lk1Yv9yZ2qQLXDyQb7V7E8=,O/ylMHTjGTdyCf4l5a9iEHi/m7Q=
11,2,8VbD3lk1Yv9yZ2qQLXDyQb7V7E8=,kkQRsbl5fRt/mCeosU4XMOqKtAA=
7,10,8VbD3lk1Yv9yZ2qQLXDyQb7V7E8=,O/ylMHTjGTdyCf4l5a9iEHi/m7Q=
9,3,8VbD3lk1Yv9yZ2qQLXDyQb7V7E8=,kkQRsbl5fRt/mCeosU4XMOqKtAA=
10,7,8VbD3lk1Yv9yZ2qQLXDyQb7V7E8=,kkQRsbl5fRt/mCeosU4XMOqKtAA=
3,9,8VbD3lk1Yv9yZ2qQLXDyQb7V7E8=,O/ylMHTjGTdyCf4l5a9iEHi/m7Q=
9,1,8VbD3lk1Yv9yZ2qQLXDyQb7V7E8=,kkQRsbl5fRt/mCeosU4XMOqKtAA=
5,14,8VbD3lk1Yv9yZ2qQLXDyQb7V7E8=,O/ylMHTjGTdyCf4l5a9iEHi/m7Q=
9,6,8VbD3lk1Yv9yZ2qQLXDyQb7V7E8=,kkQRsbl5fRt/mCeosU4XMOqKtAA=
6,14,8VbD3lk1Yv9yZ2qQLXDyQb7V7E8=,O/ylMHTjGTdyCf4l5a9iEHi/m7Q=
9,5,8VbD3lk1Yv9yZ2qQLXDyQb7V7E8=,kkQRsbl5fRt/mCeosU4XMOqKtAA=
1,11,8VbD3lk1Yv9yZ2qQLXDyQb7V7E8=,O/ylMHTjGTdyCf4l5a9iEHi/m7Q=
11,7,8VbD3lk1Yv9yZ2qQLXDyQb7V7E8=,kkQRsbl5fRt/mCeosU4XMOqKtAA=
1,7,8VbD3lk1Yv9yZ2qQLXDyQb7V7E8=,Up4ZBcN6UB3j/Bi2PG3T1jAOlXw=
3,1,8VbD3lk1Yv9yZ2qQLXDyQb7V7E8=,Up4ZBcN6UB3j/Bi2PG3T1jAOlXw=
7,14,8VbD3lk1Yv9yZ2qQLXDyQb7V7E8=,O/ylMHTjGTdyCf4l5a9iEHi/m7Q=
6,4,8VbD3lk1Yv9yZ2qQLXDyQb7V7E8=,Up4ZBcN6UB3j/Bi2PG3T1jAOlXw=
10,6,8VbD3lk1Yv9yZ2qQLXDyQb7V7E8=,kkQRsbl5fRt/mCeosU4XMOqKtAA=
2,7,8VbD3lk1Yv9yZ2qQLXDyQb7V7E8=,Up4ZBcN6UB3j/Bi2PG3T1jAOlXw=
1,3,8VbD3lk1Yv9yZ2qQLXDyQb7V7E8=,Up4ZBcN6UB3j/Bi2PG3T1jAOlXw=
10,3,8VbD3lk1Yv9yZ2qQLXDyQb7V7E8=,kkQRsbl5fRt/mCeosU4XMOqKtAA=
2,11,8VbD3lk1Yv9yZ2qQLXDyQb7V7E8=,O/ylMHTjGTdyCf4l5a9iEHi/m7Q=
6,1,8VbD3lk1Yv9yZ2qQLXDyQb7V7E8=,Up4ZBcN6UB3j/Bi2PG3T1jAOlXw=
11,3,8VbD3lk1Yv9yZ2qQLXDyQb7V7E8=,kkQRsbl5fRt/mCeosU4XMOqKtAA=
4,9,8VbD3lk1Yv9yZ2qQLXDyQb7V7E8=,O/ylMHTjGTdyCf4l5a9iEHi/m7Q=
2,3,8VbD3lk1Yv9yZ2qQLXDyQb7V7E8=,Up4ZBcN6UB3j/Bi2PG3T1jAOlXw=
3,11,8VbD3lk1Yv9yZ2qQLXDyQb7V7E8=,O/ylMHTjGTdyCf4l5a9iEHi/m7Q=
11,6,8VbD3lk1Yv9yZ2qQLXDyQb7V7E8=,kkQRsbl5fRt/mCeosU4XMOqKtAA=
11,8,8VbD3lk1Yv9yZ2qQLXDyQb7V7E8=,+YleWaV7OxL120YuH8fJ1f7jRIg=
2,4,8VbD3lk1Yv9yZ2qQLXDyQb7V7E8=,Up4ZBcN6UB3j/Bi2PG3T1jAOlXw=
3,3,8VbD3lk1Yv9yZ2qQLXDyQb7V7E8=,Up4ZBcN6UB3j/Bi2PG3T1jAOlXw=
10,1,8VbD3lk1Yv9yZ2qQLXDyQb7V7E8=,kkQRsbl5fRt/mCeosU4XMOqKtAA=
11,1,8VbD3lk1Yv9yZ2qQLXDyQb7V7E8=,kkQRsbl5fRt/mCeosU4XMOqKtAA=
6,5,8VbD3lk1Yv9yZ2qQLXDyQb7V7E8=,Up4ZBcN6UB3j/Bi2PG3T1jAOlXw=
5,9,8VbD3lk1Yv9yZ2qQLXDyQb7V7E8=,O/ylMHTjGTdyCf4l5a9iEHi/m7Q=
8,6,8VbD3lk1Yv9yZ2qQLXDyQb7V7E8=,kkQRsbl5fRt/mCeosU4XMOqKtAA=
10,5,8VbD3lk1Yv9yZ2qQLXDyQb7V7E8=,kkQRsbl5fRt/mCeosU4XMOqKtAA=
4,11,8VbD3lk1Yv9yZ2qQLXDyQb7V7E8=,O/ylMHTjGTdyCf4l5a9iEHi/m7Q=
8,3,8VbD3lk1Yv9yZ2qQLXDyQb7V7E8=,kkQRsbl5fRt/mCeosU4XMOqKtAA=
11,5,8VbD3lk1Yv9yZ2qQLXDyQb7V7E8=,kkQRsbl5fRt/mCeosU4XMOqKtAA=
8,11,8VbD3lk1Yv9yZ2qQLXDyQb7V7E8=,+YleWaV7OxL120YuH8fJ1f7jRIg=
7,1,8VbD3lk1Yv9yZ2qQLXDyQb7V7E8=,Up4ZBcN6UB3j/Bi2PG3T1jAOlXw=
12,13,8VbD3lk1Yv9yZ2qQLXDyQb7V7E8=,+YleWaV7OxL120YuH8fJ1f7jRIg=
8,7,8VbD3lk1Yv9yZ2qQLXDyQb7V7E8=,kkQRsbl5fRt/mCeosU4XMOqKtAA=
7,5,8VbD3lk1Yv9yZ2qQLXDyQb7V7E8=,Up4ZBcN6UB3j/Bi2PG3T1jAOlXw=
9,12,8VbD3lk1Yv9yZ2qQLXDyQb7V7E8=,+YleWaV7OxL120YuH8fJ1f7jRIg=
3,7,8VbD3lk1Yv9yZ2qQLXDyQb7V7E8=,Up4ZBcN6UB3j/Bi2PG3T1jAOlXw=
13,10,8VbD3lk1Yv9yZ2qQLXDyQb7V7E8=,+YleWaV7OxL120YuH8fJ1f7jRIg=
1,2,8VbD3lk1Yv9yZ2qQLXDyQb7V7E8=,Up4ZBcN6UB3j/Bi2PG3T1jAOlXw=
4,7,8VbD3lk1Yv9yZ2qQLXDyQb7V7E8=,Up4ZBcN6UB3j/Bi2PG3T1jAOlXw=
13,13,8VbD3lk1Yv9yZ2qQLXDyQb7V7E8=,+YleWaV7OxL120YuH8fJ1f7jRIg=
4,3,8VbD3lk1Yv9yZ2qQLXDyQb7V7E8=,Up4ZBcN6UB3j/Bi2PG3T1jAOlXw=
6,12,8VbD3lk1Yv9yZ2qQLXDyQb7V7E8=,O/ylMHTjGTdyCf4l5a9iEHi/m7Q=
14,10,8VbD3lk1Yv9yZ2qQLXDyQb7V7E8=,+YleWaV7OxL120YuH8fJ1f7jRIg=
8,5,8VbD3lk1Yv9yZ2qQLXDyQb7V7E8=,kkQRsbl5fRt/mCeosU4XMOqKtAA=
6,9,8VbD3lk1Yv9yZ2qQLXDyQb7V7E8=,O/ylMHTjGTdyCf4l5a9iEHi/m7Q=
10,12,8VbD3lk1Yv9yZ2qQLXDyQb7V7E8=,+YleWaV7OxL120YuH8fJ1f7jRIg=
8,1,8VbD3lk1Yv9yZ2qQLXDyQb7V7E8=,kkQRsbl5fRt/mCeosU4XMOqKtAA=
5,11,8VbD3lk1Yv9yZ2qQLXDyQb7V7E8=,O/ylMHTjGTdyCf4l5a9iEHi/m7Q=
9,9,8VbD3lk1Yv9yZ2qQLXDyQb7V7E8=,+YleWaV7OxL120YuH8fJ1f7jRIg=
5,3,8VbD3lk1Yv9yZ2qQLXDyQb7V7E8=,Up4ZBcN6UB3j/Bi2PG3T1jAOlXw=
8,14,8VbD3lk1Yv9yZ2qQLXDyQb7V7E8=,+YleWaV7OxL120YuH8fJ1f7jRIg=
11,12,8VbD3lk1Yv9yZ2qQLXDyQb7V7E8=,+YleWaV7OxL120YuH8fJ1f7jRIg=
6,11,8VbD3lk1Yv9yZ2qQLXDyQb7V7E8=,O/ylMHTjGTdyCf4l5a9iEHi/m7Q=
6,3,8VbD3lk1Yv9yZ2qQLXDyQb7V7E8=,Up4ZBcN6UB3j/Bi2PG3T1jAOlXw=
10,9,8VbD3lk1Yv9yZ2qQLXDyQb7V7E8=,+YleWaV7OxL120YuH8fJ1f7jRIg=
7,9,8VbD3lk1Yv9yZ2qQLXDyQb7V7E8=,O/ylMHTjGTdyCf4l5a9iEHi/m7Q=
7,3,8VbD3lk1Yv9yZ2qQLXDyQb7V7E8=,Up4ZBcN6UB3j/Bi2PG3T1jAOlXw=
11,9,8VbD3lk1Yv9yZ2qQLXDyQb7V7E8=,+YleWaV7OxL120YuH8fJ1f7jRIg=
8,13,8VbD3lk1Yv9yZ2qQLXDyQb7V7E8=,+YleWaV7OxL120YuH8fJ1f7jRIg=
7,4,8VbD3lk1Yv9yZ2qQLXDyQb7V7E8=,Up4ZBcN6UB3j/Bi2PG3T1jAOlXw=
12,12,8VbD3lk1Yv9yZ2qQLXDyQb7V7E8=,+YleWaV7OxL120YuH8fJ1f7jRIg=
7,12,8VbD3lk1Yv9yZ2qQLXDyQb7V7E8=,O/ylMHTjGTdyCf4l5a9iEHi/m7Q=
2,2,8VbD3lk1Yv9yZ2qQLXDyQb7V7E8=,Up4ZBcN6UB3j/Bi2PG3T1jAOlXw=
7,11,8VbD3lk1Yv9yZ2qQLXDyQb7V7E8=,O/ylMHTjGTdyCf4l5a9iEHi/m7Q=
14,13,8VbD3lk1Yv9yZ2qQLXDyQb7V7E8=,+YleWaV7OxL120YuH8fJ1f7jRIg=
3,4,8VbD3lk1Yv9yZ2qQLXDyQb7V7E8=,Up4ZBcN6UB3j/Bi2PG3T1jAOlXw=
5,7,8VbD3lk1Yv9yZ2qQLXDyQb7V7E8=,Up4ZBcN6UB3j/Bi2PG3T1jAOlXw=
12,9,8VbD3lk1Yv9yZ2qQLXDyQb7V7E8=,+YleWaV7OxL120YuH8fJ1f7jRIg=
3,2,8VbD3lk1Yv9yZ2qQLXDyQb7V7E8=,Up4ZBcN6UB3j/Bi2PG3T1jAOlXw=
6,7,8VbD3lk1Yv9yZ2qQLXDyQb7V7E8=,Up4ZBcN6UB3j/Bi2PG3T1jAOlXw=
13,12,8VbD3lk1Yv9yZ2qQLXDyQb7V7E8=,+YleWaV7OxL120YuH8fJ1f7jRIg=
14,12,8VbD3lk1Yv9yZ2qQLXDyQb7V7E8=,+YleWaV7OxL120YuH8fJ1f7jRIg=
7,7,8VbD3lk1Yv9yZ2qQLXDyQb7V7E8=,Up4ZBcN6UB3j/Bi2PG3T1jAOlXw=
13,9,8VbD3lk1Yv9yZ2qQLXDyQb7V7E8=,+YleWaV7OxL120YuH8fJ1f7jRIg=
12,14,8VbD3lk1Yv9yZ2qQLXDyQb7V7E8=,+YleWaV7OxL120YuH8fJ1f7jRIg=
8,10,8VbD3lk1Yv9yZ2qQLXDyQb7V7E8=,+YleWaV7OxL120YuH8fJ1f7jRIg=
14,9,8VbD3lk1Yv9yZ2qQLXDyQb7V7E8=,+YleWaV7OxL120YuH8fJ1f7jRIg=
13,14,8VbD3lk1Yv9yZ2qQLXDyQb7V7E8=,+YleWaV7OxL120YuH8fJ1f7jRIg=
1,12,8VbD3lk1Yv9yZ2qQLXDyQb7V7E8=,O/ylMHTjGTdyCf4l5a9iEHi/m7Q=
14,14,8VbD3lk1Yv9yZ2qQLXDyQb7V7E8=,+YleWaV7OxL120YuH8fJ1f7jRIg=
9,14,8VbD3lk1Yv9yZ2qQLXDyQb7V7E8=,+YleWaV7OxL120YuH8fJ1f7jRIg=
1,13,8VbD3lk1Yv9yZ2qQLXDyQb7V7E8=,O/ylMHTjGTdyCf4l5a9iEHi/m7Q=
9,11,8VbD3lk1Yv9yZ2qQLXDyQb7V7E8=,+YleWaV7OxL120YuH8fJ1f7jRIg=
9,13,8VbD3lk1Yv9yZ2qQLXDyQb7V7E8=,+YleWaV7OxL120YuH8fJ1f7jRIg=
10,13,8VbD3lk1Yv9yZ2qQLXDyQb7V7E8=,+YleWaV7OxL120YuH8fJ1f7jRIg=
1,10,8VbD3lk1Yv9yZ2qQLXDyQb7V7E8=,O/ylMHTjGTdyCf4l5a9iEHi/m7Q=
9,10,8VbD3lk1Yv9yZ2qQLXDyQb7V7E8=,+YleWaV7OxL120YuH8fJ1f7jRIg=
10,10,8VbD3lk1Yv9yZ2qQLXDyQb7V7E8=,+YleWaV7OxL120YuH8fJ1f7jRIg=
1,8,8VbD3lk1Yv9yZ2qQLXDyQb7V7E8=,O/ylMHTjGTdyCf4l5a9iEHi/m7Q=
11,13,8VbD3lk1Yv9yZ2qQLXDyQb7V7E8=,+YleWaV7OxL120YuH8fJ1f7jRIg=
2,8,8VbD3lk1Yv9yZ2qQLXDyQb7V7E8=,O/ylMHTjGTdyCf4l5a9iEHi/m7Q=
11,14,8VbD3lk1Yv9yZ2qQLXDyQb7V7E8=,+YleWaV7OxL120YuH8fJ1f7jRIg=
10,14,8VbD3lk1Yv9yZ2qQLXDyQb7V7E8=,+YleWaV7OxL120YuH8fJ1f7jRIg=
2,12,8VbD3lk1Yv9yZ2qQLXDyQb7V7E8=,O/ylMHTjGTdyCf4l5a9iEHi/m7Q=
11,10,8VbD3lk1Yv9yZ2qQLXDyQb7V7E8=,+YleWaV7OxL120YuH8fJ1f7jRIg=
10,11,8VbD3lk1Yv9yZ2qQLXDyQb7V7E8=,+YleWaV7OxL120YuH8fJ1f7jRIg=
2,13,8VbD3lk1Yv9yZ2qQLXDyQb7V7E8=,O/ylMHTjGTdyCf4l5a9iEHi/m7Q=
3,12,8VbD3lk1Yv9yZ2qQLXDyQb7V7E8=,O/ylMHTjGTdyCf4l5a9iEHi/m7Q=
3,8,8VbD3lk1Yv9yZ2qQLXDyQb7V7E8=,O/ylMHTjGTdyCf4l5a9iEHi/m7Q=
3,13,8VbD3lk1Yv9yZ2qQLXDyQb7V7E8=,O/ylMHTjGTdyCf4l5a9iEHi/m7Q=
2,10,8VbD3lk1Yv9yZ2qQLXDyQb7V7E8=,O/ylMHTjGTdyCf4l5a9iEHi/m7Q=
3,10,8VbD3lk1Yv9yZ2qQLXDyQb7V7E8=,O/ylMHTjGTdyCf4l5a9iEHi/m7Q=
12,15,8VbD3lk1Yv9yZ2qQLXDyQb7V7E8=,+YleWaV7OxL120YuH8fJ1f7jRIg=
15,11,8VbD3lk1Yv9yZ2qQLXDyQb7V7E8=,+YleWaV7OxL120YuH8fJ1f7jRIg=
13,15,8VbD3lk1Yv9yZ2qQLXDyQb7V7E8=,+YleWaV7OxL120YuH8fJ1f7jRIg=
15,10,8VbD3lk1Yv9yZ2qQLXDyQb7V7E8=,+YleWaV7OxL120YuH8fJ1f7jRIg=
9,15,8VbD3lk1Yv9yZ2qQLXDyQb7V7E8=,+YleWaV7OxL120YuH8fJ1f7jRIg=
15,13,8VbD3lk1Yv9yZ2qQLXDyQb7V7E8=,+YleWaV7OxL120YuH8fJ1f7jRIg=
10,15,8VbD3lk1Yv9yZ2qQLXDyQb7V7E8=,+YleWaV7OxL120YuH8fJ1f7jRIg=
15,12,8VbD3lk1Yv9yZ2qQLXDyQb7V7E8=,+YleWaV7OxL120YuH8fJ1f7jRIg=
15,1,8VbD3lk1Yv9yZ2qQLXDyQb7V7E8=,kkQRsbl5fRt/mCeosU4XMOqKtAA=
15,14,8VbD3lk1Yv9yZ2qQLXDyQb7V7E8=,+YleWaV7OxL120YuH8fJ1f7jRIg=
15,3,8VbD3lk1Yv9yZ2qQLXDyQb7V7E8=,kkQRsbl5fRt/mCeosU4XMOqKtAA=
11,15,8VbD3lk1Yv9yZ2qQLXDyQb7V7E8=,+YleWaV7OxL120YuH8fJ1f7jRIg=
14,15,8VbD3lk1Yv9yZ2qQLXDyQb7V7E8=,+YleWaV7OxL120YuH8fJ1f7jRIg=
15,8,8VbD3lk1Yv9yZ2qQLXDyQb7V7E8=,+YleWaV7OxL120YuH8fJ1f7jRIg=
15,9,8VbD3lk1Yv9yZ2qQLXDyQb7V7E8=,+YleWaV7OxL120YuH8fJ1f7jRIg=
15,7,8VbD3lk1Yv9yZ2qQLXDyQb7V7E8=,kkQRsbl5fRt/mCeosU4XMOqKtAA=
15,5,8VbD3lk1Yv9yZ2qQLXDyQb7V7E8=,kkQRsbl5fRt/mCeosU4XMOqKtAA=
15,2,8VbD3lk1Yv9yZ2qQLXDyQb7V7E8=,kkQRsbl5fRt/mCeosU4XMOqKtAA=
15,6,8VbD3lk1Yv9yZ2qQLXDyQb7V7E8=,kkQRsbl5fRt/mCeosU4XMOqKtAA=
15,4,8VbD3lk1Yv9yZ2qQLXDyQb7V7E8=,kkQRsbl5fRt/mCeosU4XMOqKtAA=
15,15,8VbD3lk1Yv9yZ2qQLXDyQb7V7E8=,+YleWaV7OxL120YuH8fJ1f7jRIg=
4,15,8VbD3lk1Yv9yZ2qQLXDyQb7V7E8=,O/ylMHTjGTdyCf4l5a9iEHi/m7Q=
5,15,8VbD3lk1Yv9yZ2qQLXDyQb7V7E8=,O/ylMHTjGTdyCf4l5a9iEHi/m7Q=
6,15,8VbD3lk1Yv9yZ2qQLXDyQb7V7E8=,O/ylMHTjGTdyCf4l5a9iEHi/m7Q=
7,15,8VbD3lk1Yv9yZ2qQLXDyQb7V7E8=,O/ylMHTjGTdyCf4l5a9iEHi/m7Q=
1,15,8VbD3lk1Yv9yZ2qQLXDyQb7V7E8=,O/ylMHTjGTdyCf4l5a9iEHi/m7Q=
2,15,8VbD3lk1Yv9yZ2qQLXDyQb7V7E8=,O/ylMHTjGTdyCf4l5a9iEHi/m7Q=
3,15,8VbD3lk1Yv9yZ2qQLXDyQb7V7E8=,O/ylMHTjGTdyCf4l5a9iEHi/m7Q=
8,15,8VbD3lk1Yv9yZ2qQLXDyQb7V7E8=,+YleWaV7OxL120YuH8fJ1f7jRIg=
0,9,8VbD3lk1Yv9yZ2qQLXDyQb7V7E8=,O/ylMHTjGTdyCf4l5a9iEHi/m7Q=
0,14,8VbD3lk1Yv9yZ2qQLXDyQb7V7E8=,O/ylMHTjGTdyCf4l5a9iEHi/m7Q=
0,5,8VbD3lk1Yv9yZ2qQLXDyQb7V7E8=,Up4ZBcN6UB3j/Bi2PG3T1jAOlXw=
0,11,8VbD3lk1Yv9yZ2qQLXDyQb7V7E8=,O/ylMHTjGTdyCf4l5a9iEHi/m7Q=
0,6,8VbD3lk1Yv9yZ2qQLXDyQb7V7E8=,Up4ZBcN6UB3j/Bi2PG3T1jAOlXw=
0,10,8VbD3lk1Yv9yZ2qQLXDyQb7V7E8=,O/ylMHTjGTdyCf4l5a9iEHi/m7Q=
0,4,8VbD3lk1Yv9yZ2qQLXDyQb7V7E8=,Up4ZBcN6UB3j/Bi2PG3T1jAOlXw=
0,13,8VbD3lk1Yv9yZ2qQLXDyQb7V7E8=,O/ylMHTjGTdyCf4l5a9iEHi/m7Q=
0,1,8VbD3lk1Yv9yZ2qQLXDyQb7V7E8=,Up4ZBcN6UB3j/Bi2PG3T1jAOlXw=
0,12,8VbD3lk1Yv9yZ2qQLXDyQb7V7E8=,O/ylMHTjGTdyCf4l5a9iEHi/m7Q=
0,2,8VbD3lk1Yv9yZ2qQLXDyQb7V7E8=,Up4ZBcN6UB3j/Bi2PG3T1jAOlXw=
0,7,8VbD3lk1Yv9yZ2qQLXDyQb7V7E8=,Up4ZBcN6UB3j/Bi2PG3T1jAOlXw=
4,0,8VbD3lk1Yv9yZ2qQLXDyQb7V7E8=,Up4ZBcN6UB3j/Bi2PG3T1jAOlXw=
0,3,8VbD3lk1Yv9yZ2qQLXDyQb7V7E8=,Up4ZBcN6UB3j/Bi2PG3T1jAOlXw=
5,0,8VbD3lk1Yv9yZ2qQLXDyQb7V7E8=,Up4ZBcN6UB3j/Bi2PG3T1jAOlXw=
0,8,8VbD3lk1Yv9yZ2qQLXDyQb7V7E8=,O/ylMHTjGTdyCf4l5a9iEHi/m7Q=
1,0,8VbD3lk1Yv9yZ2qQLXDyQb7V7E8=,Up4ZBcN6UB3j/Bi2PG3T1jAOlXw=
2,0,8VbD3lk1Yv9yZ2qQLXDyQb7V7E8=,Up4ZBcN6UB3j/Bi2PG3T1jAOlXw=
0,0,8VbD3lk1Yv9yZ2qQLXDyQb7V7E8=,Up4ZBcN6UB3j/Bi2PG3T1jAOlXw=
0,15,8VbD3lk1Yv9yZ2qQLXDyQb7V7E8=,O/ylMHTjGTdyCf4l5a9iEHi/m7Q=
6,0,8VbD3lk1Yv9yZ2qQLXDyQb7V7E8=,Up4ZBcN6UB3j/Bi2PG3T1jAOlXw=
3,0,8VbD3lk1Yv9yZ2qQLXDyQb7V7E8=,Up4ZBcN6UB3j/Bi2PG3T1jAOlXw=
12,0,8VbD3lk1Yv9yZ2qQLXDyQb7V7E8=,kkQRsbl5fRt/mCeosU4XMOqKtAA=
11,0,8VbD3lk1Yv9yZ2qQLXDyQb7V7E8=,kkQRsbl5fRt/mCeosU4XMOqKtAA=
7,0,8VbD3lk1Yv9yZ2qQLXDyQb7V7E8=,Up4ZBcN6UB3j/Bi2PG3T1jAOlXw=
10,0,8VbD3lk1Yv9yZ2qQLXDyQb7V7E8=,kkQRsbl5fRt/mCeosU4XMOqKtAA=
9,0,8VbD3lk1Yv9yZ2qQLXDyQb7V7E8=,kkQRsbl5fRt/mCeosU4XMOqKtAA=
15,0,8VbD3lk1Yv9yZ2qQLXDyQb7V7E8=,kkQRsbl5fRt/mCeosU4XMOqKtAA=
14,0,8VbD3lk1Yv9yZ2qQLXDyQb7V7E8=,kkQRsbl5fRt/mCeosU4XMOqKtAA=
8,0,8VbD3lk1Yv9yZ2qQLXDyQb7V7E8=,kkQRsbl5fRt/mCeosU4XMOqKtAA=
13,0,8VbD3lk1Yv9yZ2qQLXDyQb7V7E8=,kkQRsbl5fRt/mCeosU4XMOqKtAA=
2,18,HKKyfPEJStruCIk4yzVcqLkdMis=,SynHgV7g5ERUSvoq4dNBIyAiCpc=
6,21,HKKyfPEJStruCIk4yzVcqLkdMis=,SynHgV7g5ERUSvoq4dNBIyAiCpc=
1,21,HKKyfPEJStruCIk4yzVcqLkdMis=,SynHgV7g5ERUSvoq4dNBIyAiCpc=
4,17,HKKyfPEJStruCIk4yzVcqLkdMis=,SynHgV7g5ERUSvoq4dNBIyAiCpc=
2,21,HKKyfPEJStruCIk4yzVcqLkdMis=,SynHgV7g5ERUSvoq4dNBIyAiCpc=
2,19,HKKyfPEJStruCIk4yzVcqLkdMis=,SynHgV7g5ERUSvoq4dNBIyAiCpc=
6,22,HKKyfPEJStruCIk4yzVcqLkdMis=,SynHgV7g5ERUSvoq4dNBIyAiCpc=
12,29,HKKyfPEJStruCIk4yzVcqLkdMis=,qW2NWD8xY2hwE5JxbTU47ZpEldQ=
5,17,HKKyfPEJStruCIk4yzVcqLkdMis=,SynHgV7g5ERUSvoq4dNBIyAiCpc=
3,18,HKKyfPEJStruCIk4yzVcqLkdMis=,SynHgV7g5ERUSvoq4dNBIyAiCpc=
3,19,HKKyfPEJStruCIk4yzVcqLkdMis=,SynHgV7g5ERUSvoq4dNBIyAiCpc=
4,19,HKKyfPEJStruCIk4yzVcqLkdMis=,SynHgV7g5ERUSvoq4dNBIyAiCpc=
5,19,HKKyfPEJStruCIk4yzVcqLkdMis=,SynHgV7g5ERUSvoq4dNBIyAiCpc=
6,17,HKKyfPEJStruCIk4yzVcqLkdMis=,SynHgV7g5ERUSvoq4dNBIyAiCpc=
1,22,HKKyfPEJStruCIk4yzVcqLkdMis=,SynHgV7g5ERUSvoq4dNBIyAiCpc=
6,19,HKKyfPEJStruCIk4yzVcqLkdMis=,SynHgV7g5ERUSvoq4dNBIyAiCpc=
1,20,HKKyfPEJStruCIk4yzVcqLkdMis=,SynHgV7g5ERUSvoq4dNBIyAiCpc=
2,17,HKKyfPEJStruCIk4yzVcqLkdMis=,SynHgV7g5ERUSvoq4dNBIyAiCpc=
4,23,HKKyfPEJStruCIk4yzVcqLkdMis=,SynHgV7g5ERUSvoq4dNBIyAiCpc=
4,18,Hi8kjP77cefdkRqxF5Zz2GVFNTc=,SynHgV7g5ERUSvoq4dNBIyAiCpc=
5,23,Hi8kjP77cefdkRqxF5Zz2GVFNTc=,SynHgV7g5ERUSvoq4dNBIyAiCpc=
6,23,Hi8kjP77cefdkRqxF5Zz2GVFNTc=,SynHgV7g5ERUSvoq4dNBIyAiCpc=
2,20,Hi8kjP77cefdkRqxF5Zz2GVFNTc=,SynHgV7g5ERUSvoq4dNBIyAiCpc=
1,24,Hi8kjP77cefdkRqxF5Zz2GVFNTc=,HoHz/tW3oyoXaC1eyRr3/TtyHLE=
3,20,Hi8kjP77cefdkRqxF5Zz2GVFNTc=,SynHgV7g5ERUSvoq4dNBIyAiCpc=
8,30,gdOGAJS3HYWq/p2g1mYt+yV6b0s=,qW2NWD8xY2hwE5JxbTU47ZpEldQ=
4,20,gdOGAJS3HYWq/p2g1mYt+yV6b0s=,SynHgV7g5ERUSvoq4dNBIyAiCpc=
12,19,gdOGAJS3HYWq/p2g1mYt+yV6b0s=,kL3OVVEQGtJsofw5GjJdy1KHzPY=
2,24,gdOGAJS3HYWq/p2g1mYt+yV6b0s=,HoHz/tW3oyoXaC1eyRr3/TtyHLE=
7,23,gdOGAJS3HYWq/p2g1mYt+yV6b0s=,SynHgV7g5ERUSvoq4dNBIyAiCpc=
5,20,gdOGAJS3HYWq/p2g1mYt+yV6b0s=,SynHgV7g5ERUSvoq4dNBIyAiCpc=
3,24,gdOGAJS3HYWq/p2g1mYt+yV6b0s=,HoHz/tW3oyoXaC1eyRr3/TtyHLE=
13,19,gdOGAJS3HYWq/p2g1mYt+yV6b0s=,kL3OVVEQGtJsofw5GjJdy1KHzPY=
6,20,gdOGAJS3HYWq/p2g1mYt+yV6b0s=,SynHgV7g5ERUSvoq4dNBIyAiCpc=
4,24,gdOGAJS3HYWq/p2g1mYt+yV6b0s=,HoHz/tW3oyoXaC1eyRr3/TtyHLE=
14,19,gdOGAJS3HYWq/p2g1mYt+yV6b0s=,kL3OVVEQGtJsofw5GjJdy1KHzPY=
5,18,gdOGAJS3HYWq/p2g1mYt+yV6b0s=,SynHgV7g5ERUSvoq4dNBIyAiCpc=
8,20,gdOGAJS3HYWq/p2g1mYt+yV6b0s=,kL3OVVEQGtJsofw5GjJdy1KHzPY=
3,17,gdOGAJS3HYWq/p2g1mYt+yV6b0s=,SynHgV7g5ERUSvoq4dNBIyAiCpc=
5,24,gdOGAJS3HYWq/p2g1mYt+yV6b0s=,HoHz/tW3oyoXaC1eyRr3/TtyHLE=
8,24,gdOGAJS3HYWq/p2g1mYt+yV6b0s=,qW2NWD8xY2hwE5JxbTU47ZpEldQ=
2,22,gdOGAJS3HYWq/p2g1mYt+yV6b0s=,SynHgV7g5ERUSvoq4dNBIyAiCpc=
9,24,gdOGAJS3HYWq/p2g1mYt+yV6b0s=,qW2NWD8xY2hwE5JxbTU47ZpEldQ=
6,24,gdOGAJS3HYWq/p2g1mYt+yV6b0s=,HoHz/tW3oyoXaC1eyRr3/TtyHLE=
6,18,gdOGAJS3HYWq/p2g1mYt+yV6b0s=,SynHgV7g5ERUSvoq4dNBIyAiCpc=
8,25,gdOGAJS3HYWq/p2g1mYt+yV6b0s=,qW2NWD8xY2hwE5JxbTU47ZpEldQ=
10,24,gdOGAJS3HYWq/p2g1mYt+yV6b0s=,qW2NWD8xY2hwE5JxbTU47ZpEldQ=
1,19,gdOGAJS3HYWq/p2g1mYt+yV6b0s=,SynHgV7g5ERUSvoq4dNBIyAiCpc=
1,25,gdOGAJS3HYWq/p2g1mYt+yV6b0s=,HoHz/tW3oyoXaC1eyRr3/TtyHLE=
1,17,gdOGAJS3HYWq/p2g1mYt+yV6b0s=,SynHgV7g5ERUSvoq4dNBIyAiCpc=
3,22,gdOGAJS3HYWq/p2g1mYt+yV6b0s=,SynHgV7g5ERUSvoq4dNBIyAiCpc=
2,25,gdOGAJS3HYWq/p2g1mYt+yV6b0s=,HoHz/tW3oyoXaC1eyRr3/TtyHLE=
1,18,gdOGAJS3HYWq/p2g1mYt+yV6b0s=,SynHgV7g5ERUSvoq4dNBIyAiCpc=
3,25,gdOGAJS3HYWq/p2g1mYt+yV6b0s=,HoHz/tW3oyoXaC1eyRr3/TtyHLE=
9,20,gdOGAJS3HYWq/p2g1mYt+yV6b0s=,kL3OVVEQGtJsofw5GjJdy1KHzPY=
3,21,gdOGAJS3HYWq/p2g1mYt+yV6b0s=,SynHgV7g5ERUSvoq4dNBIyAiCpc=
4,25,gdOGAJS3HYWq/p2g1mYt+yV6b0s=,HoHz/tW3oyoXaC1eyRr3/TtyHLE=
4,22,gdOGAJS3HYWq/p2g1mYt+yV6b0s=,SynHgV7g5ERUSvoq4dNBIyAiCpc=
11,24,gdOGAJS3HYWq/p2g1mYt+yV6b0s=,qW2NWD8xY2hwE5JxbTU47ZpEldQ=
5,25,gdOGAJS3HYWq/p2g1mYt+yV6b0s=,HoHz/tW3oyoXaC1eyRr3/TtyHLE=
4,21,gdOGAJS3HYWq/p2g1mYt+yV6b0s=,SynHgV7g5ERUSvoq4dNBIyAiCpc=
7,21,gdOGAJS3HYWq/p2g1mYt+yV6b0s=,SynHgV7g5ERUSvoq4dNBIyAiCpc=
12,24,gdOGAJS3HYWq/p2g1mYt+yV6b0s=,qW2NWD8xY2hwE5JxbTU47ZpEldQ=
6,25,gdOGAJS3HYWq/p2g1mYt+yV6b0s=,HoHz/tW3oyoXaC1eyRr3/TtyHLE=
7,24,gdOGAJS3HYWq/p2g1mYt+yV6b0s=,HoHz/tW3oyoXaC1eyRr3/TtyHLE=
7,25,gdOGAJS3HYWq/p2g1mYt+yV6b0s=,HoHz/tW3oyoXaC1eyRr3/TtyHLE=
5,21,gdOGAJS3HYWq/p2g1mYt+yV6b0s=,SynHgV7g5ERUSvoq4dNBIyAiCpc=
13,24,gdOGAJS3HYWq/p2g1mYt+yV6b0s=,qW2NWD8xY2hwE5JxbTU47ZpEldQ=
1,26,gdOGAJS3HYWq/p2g1mYt+yV6b0s=,HoHz/tW3oyoXaC1eyRr3/TtyHLE=
5,22,gdOGAJS3HYWq/p2g1mYt+yV6b0s=,SynHgV7g5ERUSvoq4dNBIyAiCpc=
14,24,gdOGAJS3HYWq/p2g1mYt+yV6b0s=,qW2NWD8xY2hwE5JxbTU47ZpEldQ=
2,26,gdOGAJS3HYWq/p2g1mYt+yV6b0s=,HoHz/tW3oyoXaC1eyRr3/TtyHLE=
10,20,gdOGAJS3HYWq/p2g1mYt+yV6b0s=,kL3OVVEQGtJsofw5GjJdy1KHzPY=
11,20,gdOGAJS3HYWq/p2g1mYt+yV6b0s=,kL3OVVEQGtJsofw5GjJdy1KHzPY=
12,20,gdOGAJS3HYWq/p2g1mYt+yV6b0s=,kL3OVVEQGtJsofw5GjJdy1KHzPY=
3,26,gdOGAJS3HYWq/p2g1mYt+yV6b0s=,HoHz/tW3oyoXaC1eyRr3/TtyHLE=
7,22,gdOGAJS3HYWq/p2g1mYt+yV6b0s=,SynHgV7g5ERUSvoq4dNBIyAiCpc=
8,26,gdOGAJS3HYWq/p2g1mYt+yV6b0s=,qW2NWD8xY2hwE5JxbTU47ZpEldQ=
7,19,gdOGAJS3HYWq/p2g1mYt+yV6b0s=,SynHgV7g5ERUSvoq4dNBIyAiCpc=
4,26,gdOGAJS3HYWq/p2g1mYt+yV6b0s=,HoHz/tW3oyoXaC1eyRr3/TtyHLE=
13,20,gdOGAJS3HYWq/p2g1mYt+yV6b0s=,kL3OVVEQGtJsofw5GjJdy1KHzPY=
5,26,gdOGAJS3HYWq/p2g1mYt+yV6b0s=,HoHz/tW3oyoXaC1eyRr3/TtyHLE=
6,26,gdOGAJS3HYWq/p2g1mYt+yV6b0s=,HoHz/tW3oyoXaC1eyRr3/TtyHLE=
14,20,gdOGAJS3HYWq/p2g1mYt+yV6b0s=,kL3OVVEQGtJsofw5GjJdy1KHzPY=
8,21,gdOGAJS3HYWq/p2g1mYt+yV6b0s=,kL3OVVEQGtJsofw5GjJdy1KHzPY=
7,26,gdOGAJS3HYWq/p2g1mYt+yV6b0s=,HoHz/tW3oyoXaC1eyRr3/TtyHLE=
15,19,gdOGAJS3HYWq/p2g1mYt+yV6b0s=,kL3OVVEQGtJsofw5GjJdy1KHzPY=
9,21,gdOGAJS3HYWq/p2g1mYt+yV6b0s=,kL3OVVEQGtJsofw5GjJdy1KHzPY=
1,27,gdOGAJS3HYWq/p2g1mYt+yV6b0s=,HoHz/tW3oyoXaC1eyRr3/TtyHLE=
10,21,gdOGAJS3HYWq/p2g1mYt+yV6b0s=,kL3OVVEQGtJsofw5GjJdy1KHzPY=
15,20,gdOGAJS3HYWq/p2g1mYt+yV6b0s=,kL3OVVEQGtJsofw5GjJdy1KHzPY=
2,27,gdOGAJS3HYWq/p2g1mYt+yV6b0s=,HoHz/tW3oyoXaC1eyRr3/TtyHLE=
15,21,gdOGAJS3HYWq/p2g1mYt+yV6b0s=,kL3OVVEQGtJsofw5GjJdy1KHzPY=
3,27,gdOGAJS3HYWq/p2g1mYt+yV6b0s=,HoHz/tW3oyoXaC1eyRr3/TtyHLE=
7,20,gdOGAJS3HYWq/p2g1mYt+yV6b0s=,SynHgV7g5ERUSvoq4dNBIyAiCpc=
15,22,gdOGAJS3HYWq/p2g1mYt+yV6b0s=,kL3OVVEQGtJsofw5GjJdy1KHzPY=
4,27,gdOGAJS3HYWq/p2g1mYt+yV6b0s=,HoHz/tW3oyoXaC1eyRr3/TtyHLE=
11,21,gdOGAJS3HYWq/p2g1mYt+yV6b0s=,kL3OVVEQGtJsofw5GjJdy1KHzPY=
15,17,gdOGAJS3HYWq/p2g1mYt+yV6b0s=,kL3OVVEQGtJsofw5GjJdy1KHzPY=
12,21,gdOGAJS3HYWq/p2g1mYt+yV6b0s=,kL3OVVEQGtJsofw5GjJdy1KHzPY=
15,18,gdOGAJS3HYWq/p2g1mYt+yV6b0s=,kL3OVVEQGtJsofw5GjJdy1KHzPY=
13,21,gdOGAJS3HYWq/p2g1mYt+yV6b0s=,kL3OVVEQGtJsofw5GjJdy1KHzPY=
5,27,gdOGAJS3HYWq/p2g1mYt+yV6b0s=,HoHz/tW3oyoXaC1eyRr3/TtyHLE=
14,21,gdOGAJS3HYWq/p2g1mYt+yV6b0s=,kL3OVVEQGtJsofw5GjJdy1KHzPY=
6,27,gdOGAJS3HYWq/p2g1mYt+yV6b0s=,HoHz/tW3oyoXaC1eyRr3/TtyHLE=
8,22,gdOGAJS3HYWq/p2g1mYt+yV6b0s=,kL3OVVEQGtJsofw5GjJdy1KHzPY=
7,27,gdOGAJS3HYWq/p2g1mYt+yV6b0s=,HoHz/tW3oyoXaC1eyRr3/TtyHLE=
9,22,gdOGAJS3HYWq/p2g1mYt+yV6b0s=,kL3OVVEQGtJsofw5GjJdy1KHzPY=
8,27,gdOGAJS3HYWq/p2g1mYt+yV6b0s=,qW2NWD8xY2hwE5JxbTU47ZpEldQ=
10,22,gdOGAJS3HYWq/p2g1mYt+yV6b0s=,kL3OVVEQGtJsofw5GjJdy1KHzPY=
1,28,gdOGAJS3HYWq/p2g1mYt+yV6b0s=,HoHz/tW3oyoXaC1eyRr3/TtyHLE=
7,18,gdOGAJS3HYWq/p2g1mYt+yV6b0s=,SynHgV7g5ERUSvoq4dNBIyAiCpc=
8,17,gdOGAJS3HYWq/p2g1mYt+yV6b0s=,kL3OVVEQGtJsofw5GjJdy1KHzPY=
2,28,gdOGAJS3HYWq/p2g1mYt+yV6b0s=,HoHz/tW3oyoXaC1eyRr3/TtyHLE=
3,28,gdOGAJS3HYWq/p2g1mYt+yV6b0s=,HoHz/tW3oyoXaC1eyRr3/TtyHLE=
9,17,gdOGAJS3HYWq/p2g1mYt+yV6b0s=,kL3OVVEQGtJsofw5GjJdy1KHzPY=
15,29,gdOGAJS3HYWq/p2g1mYt+yV6b0s=,qW2NWD8xY2hwE5JxbTU47ZpEldQ=
4,28,gdOGAJS3HYWq/p2g1mYt+yV6b0s=,HoHz/tW3oyoXaC1eyRr3/TtyHLE=
10,17,gdOGAJS3HYWq/p2g1mYt+yV6b0s=,kL3OVVEQGtJsofw5GjJdy1KHzPY=
5,28,gdOGAJS3HYWq/p2g1mYt+yV6b0s=,HoHz/tW3oyoXaC1eyRr3/TtyHLE=
7,17,gdOGAJS3HYWq/p2g1mYt+yV6b0s=,SynHgV7g5ERUSvoq4dNBIyAiCpc=
15,30,gdOGAJS3HYWq/p2g1mYt+yV6b0s=,qW2NWD8xY2hwE5JxbTU47ZpEldQ=
11,17,gdOGAJS3HYWq/p2g1mYt+yV6b0s=,kL3OVVEQGtJsofw5GjJdy1KHzPY=
15,24,gdOGAJS3HYWq/p2g1mYt+yV6b0s=,qW2NWD8xY2hwE5JxbTU47ZpEldQ=
6,28,gdOGAJS3HYWq/p2g1mYt+yV6b0s=,HoHz/tW3oyoXaC1eyRr3/TtyHLE=
15,25,gdOGAJS3HYWq/p2g1mYt+yV6b0s=,qW2NWD8xY2hwE5JxbTU47ZpEldQ=
12,17,gdOGAJS3HYWq/p2g1mYt+yV6b0s=,kL3OVVEQGtJsofw5GjJdy1KHzPY=
7,28,gdOGAJS3HYWq/p2g1mYt+yV6b0s=,HoHz/tW3oyoXaC1eyRr3/TtyHLE=
15,26,gdOGAJS3HYWq/p2g1mYt+yV6b0s=,qW2NWD8xY2hwE5JxbTU47ZpEldQ=
11,22,gdOGAJS3HYWq/p2g1mYt+yV6b0s=,kL3OVVEQGtJsofw5GjJdy1KHzPY=
1,29,gdOGAJS3HYWq/p2g1mYt+yV6b0s=,HoHz/tW3oyoXaC1eyRr3/TtyHLE=
15,27,gdOGAJS3HYWq/p2g1mYt+yV6b0s=,qW2NWD8xY2hwE5JxbTU47ZpEldQ=
2,29,gdOGAJS3HYWq/p2g1mYt+yV6b0s=,HoHz/tW3oyoXaC1eyRr3/TtyHLE=
12,22,gdOGAJS3HYWq/p2g1mYt+yV6b0s=,kL3OVVEQGtJsofw5GjJdy1KHzPY=
15,28,gdOGAJS3HYWq/p2g1mYt+yV6b0s=,qW2NWD8xY2hwE5JxbTU47ZpEldQ=
3,29,gdOGAJS3HYWq/p2g1mYt+yV6b0s=,HoHz/tW3oyoXaC1eyRr3/TtyHLE=
13,22,gdOGAJS3HYWq/p2g1mYt+yV6b0s=,kL3OVVEQGtJsofw5GjJdy1KHzPY=
15,23,gdOGAJS3HYWq/p2g1mYt+yV6b0s=,kL3OVVEQGtJsofw5GjJdy1KHzPY=
14,22,gdOGAJS3HYWq/p2g1mYt+yV6b0s=,kL3OVVEQGtJsofw5GjJdy1KHzPY=
4,29,gdOGAJS3HYWq/p2g1mYt+yV6b0s=,HoHz/tW3oyoXaC1eyRr3/TtyHLE=
13,17,gdOGAJS3HYWq/p2g1mYt+yV6b0s=,kL3OVVEQGtJsofw5GjJdy1KHzPY=
1,23,gdOGAJS3HYWq/p2g1mYt+yV6b0s=,SynHgV7g5ERUSvoq4dNBIyAiCpc=
5,29,gdOGAJS3HYWq/p2g1mYt+yV6b0s=,HoHz/tW3oyoXaC1eyRr3/TtyHLE=
14,17,gdOGAJS3HYWq/p2g1mYt+yV6b0s=,kL3OVVEQGtJsofw5GjJdy1KHzPY=
6,29,gdOGAJS3HYWq/p2g1mYt+yV6b0s=,HoHz/tW3oyoXaC1eyRr3/TtyHLE=
8,18,gdOGAJS3HYWq/p2g1mYt+yV6b0s=,kL3OVVEQGtJsofw5GjJdy1KHzPY=
8,28,gdOGAJS3HYWq/p2g1mYt+yV6b0s=,qW2NWD8xY2hwE5JxbTU47ZpEldQ=
8,23,gdOGAJS3HYWq/p2g1mYt+yV6b0s=,kL3OVVEQGtJsofw5GjJdy1KHzPY=
7,29,gdOGAJS3HYWq/p2g1mYt+yV6b0s=,HoHz/tW3oyoXaC1eyRr3/TtyHLE=
9,18,gdOGAJS3HYWq/p2g1mYt+yV6b0s=,kL3OVVEQGtJsofw5GjJdy1KHzPY=
1,30,gdOGAJS3HYWq/p2g1mYt+yV6b0s=,HoHz/tW3oyoXaC1eyRr3/TtyHLE=
9,31,gdOGAJS3HYWq/p2g1mYt+yV6b0s=,qW2NWD8xY2hwE5JxbTU47ZpEldQ=
9,23,gdOGAJS3HYWq/p2g1mYt+yV6b0s=,kL3OVVEQGtJsofw5GjJdy1KHzPY=
2,30,gdOGAJS3HYWq/p2g1mYt+yV6b0s=,HoHz/tW3oyoXaC1eyRr3/TtyHLE=
10,31,gdOGAJS3HYWq/p2g1mYt+yV6b0s=,qW2NWD8xY2hwE5JxbTU47ZpEldQ=
3,30,gdOGAJS3HYWq/p2g1mYt+yV6b0s=,HoHz/tW3oyoXaC1eyRr3/TtyHLE=
10,23,gdOGAJS3HYWq/p2g1mYt+yV6b0s=,kL3OVVEQGtJsofw5GjJdy1KHzPY=
11,31,gdOGAJS3HYWq/p2g1mYt+yV6b0s=,qW2NWD8xY2hwE5JxbTU47ZpEldQ=
11,23,gdOGAJS3HYWq/p2g1mYt+yV6b0s=,kL3OVVEQGtJsofw5GjJdy1KHzPY=
12,31,gdOGAJS3HYWq/p2g1mYt+yV6b0s=,qW2NWD8xY2hwE5JxbTU47ZpEldQ=
4,30,gdOGAJS3HYWq/p2g1mYt+yV6b0s=,HoHz/tW3oyoXaC1eyRr3/TtyHLE=
10,18,gdOGAJS3HYWq/p2g1mYt+yV6b0s=,kL3OVVEQGtJsofw5GjJdy1KHzPY=
5,30,gdOGAJS3HYWq/p2g1mYt+yV6b0s=,HoHz/tW3oyoXaC1eyRr3/TtyHLE=
13,31,gdOGAJS3HYWq/p2g1mYt+yV6b0s=,qW2NWD8xY2hwE5JxbTU47ZpEldQ=
11,18,gdOGAJS3HYWq/p2g1mYt+yV6b0s=,kL3OVVEQGtJsofw5GjJdy1KHzPY=
14,31,gdOGAJS3HYWq/p2g1mYt+yV6b0s=,qW2NWD8xY2hwE5JxbTU47ZpEldQ=
2,23,gdOGAJS3HYWq/p2g1mYt+yV6b0s=,SynHgV7g5ERUSvoq4dNBIyAiCpc=
12,18,gdOGAJS3HYWq/p2g1mYt+yV6b0s=,kL3OVVEQGtJsofw5GjJdy1KHzPY=
6,30,gdOGAJS3HYWq/p2g1mYt+yV6b0s=,HoHz/tW3oyoXaC1eyRr3/TtyHLE=
12,23,gdOGAJS3HYWq/p2g1mYt+yV6b0s=,kL3OVVEQGtJsofw5GjJdy1KHzPY=
13,18,gdOGAJS3HYWq/p2g1mYt+yV6b0s=,kL3OVVEQGtJsofw5GjJdy1KHzPY=
7,30,gdOGAJS3HYWq/p2g1mYt+yV6b0s=,HoHz/tW3oyoXaC1eyRr3/TtyHLE=
13,23,gdOGAJS3HYWq/p2g1mYt+yV6b0s=,kL3OVVEQGtJsofw5GjJdy1KHzPY=
3,23,gdOGAJS3HYWq/p2g1mYt+yV6b0s=,SynHgV7g5ERUSvoq4dNBIyAiCpc=
14,18,gdOGAJS3HYWq/p2g1mYt+yV6b0s=,kL3OVVEQGtJsofw5GjJdy1KHzPY=
14,23,gdOGAJS3HYWq/p2g1mYt+yV6b0s=,kL3OVVEQGtJsofw5GjJdy1KHzPY=
8,19,gdOGAJS3HYWq/p2g1mYt+yV6b0s=,kL3OVVEQGtJsofw5GjJdy1KHzPY=
8,29,gdOGAJS3HYWq/p2g1mYt+yV6b0s=,qW2NWD8xY2hwE5JxbTU47ZpEldQ=
9,19,gdOGAJS3HYWq/p2g1mYt+yV6b0s=,kL3OVVEQGtJsofw5GjJdy1KHzPY=
4,31,gdOGAJS3HYWq/p2g1mYt+yV6b0s=,HoHz/tW3oyoXaC1eyRr3/TtyHLE=
10,19,gdOGAJS3HYWq/p2g1mYt+yV6b0s=,kL3OVVEQGtJsofw5GjJdy1KHzPY=
5,31,gdOGAJS3HYWq/p2g1mYt+yV6b0s=,HoHz/tW3oyoXaC1eyRr3/TtyHLE=
11,19,gdOGAJS3HYWq/p2g1mYt+yV6b0s=,kL3OVVEQGtJsofw5GjJdy1KHzPY=
6,31,gdOGAJS3HYWq/p2g1mYt+yV6b0s=,HoHz/tW3oyoXaC1eyRr3/TtyHLE=
7,31,gdOGAJS3HYWq/p2g1mYt+yV6b0s=,HoHz/tW3oyoXaC1eyRr3/TtyHLE=
8,31,gdOGAJS3HYWq/p2g1mYt+yV6b0s=,qW2NWD8xY2hwE5JxbTU47ZpEldQ=
2,31,gdOGAJS3HYWq/p2g1mYt+yV6b0s=,HoHz/tW3oyoXaC1eyRr3/TtyHLE=
1,31,gdOGAJS3HYWq/p2g1mYt+yV6b0s=,HoHz/tW3oyoXaC1eyRr3/TtyHLE=
3,31,gdOGAJS3HYWq/p2g1mYt+yV6b0s=,HoHz/tW3oyoXaC1eyRr3/TtyHLE=
11,29,gdOGAJS3HYWq/p2g1mYt+yV6b0s=,qW2NWD8xY2hwE5JxbTU47ZpEldQ=
0,25,gdOGAJS3HYWq/p2g1mYt+yV6b0s=,HoHz/tW3oyoXaC1eyRr3/TtyHLE=
0,30,gdOGAJS3HYWq/p2g1mYt+yV6b0s=,HoHz/tW3oyoXaC1eyRr3/TtyHLE=
0,26,gdOGAJS3HYWq/p2g1mYt+yV6b0s=,HoHz/tW3oyoXaC1eyRr3/TtyHLE=
0,27,gdOGAJS3HYWq/p2g1mYt+yV6b0s=,HoHz/tW3oyoXaC1eyRr3/TtyHLE=
10,29,gdOGAJS3HYWq/p2g1mYt+yV6b0s=,qW2NWD8xY2hwE5JxbTU47ZpEldQ=
0,28,gdOGAJS3HYWq/p2g1mYt+yV6b0s=,HoHz/tW3oyoXaC1eyRr3/TtyHLE=
0,29,gdOGAJS3HYWq/p2g1mYt+yV6b0s=,HoHz/tW3oyoXaC1eyRr3/TtyHLE=
9,29,gdOGAJS3HYWq/p2g1mYt+yV6b0s=,qW2NWD8xY2hwE5JxbTU47ZpEldQ=
14,28,gdOGAJS3HYWq/p2g1mYt+yV6b0s=,qW2NWD8xY2hwE5JxbTU47ZpEldQ=
13,28,gdOGAJS3HYWq/p2g1mYt+yV6b0s=,qW2NWD8xY2hwE5JxbTU47ZpEldQ=
12,28,gdOGAJS3HYWq/p2g1mYt+yV6b0s=,qW2NWD8xY2hwE5JxbTU47ZpEldQ=
0,21,gdOGAJS3HYWq/p2g1mYt+yV6b0s=,SynHgV7g5ERUSvoq4dNBIyAiCpc=
0,18,gdOGAJS3HYWq/p2g1mYt+yV6b0s=,SynHgV7g5ERUSvoq4dNBIyAiCpc=
0,19,gdOGAJS3HYWq/p2g1mYt+yV6b0s=,SynHgV7g5ERUSvoq4dNBIyAiCpc=
0,24,gdOGAJS3HYWq/p2g1mYt+yV6b0s=,HoHz/tW3oyoXaC1eyRr3/TtyHLE=
0,17,gdOGAJS3HYWq/p2g1mYt+yV6b0s=,SynHgV7g5ERUSvoq4dNBIyAiCpc=
0,23,gdOGAJS3HYWq/p2g1mYt+yV6b0s=,SynHgV7g5ERUSvoq4dNBIyAiCpc=
0,22,gdOGAJS3HYWq/p2g1mYt+yV6b0s=,SynHgV7g5ERUSvoq4dNBIyAiCpc=
0,20,gdOGAJS3HYWq/p2g1mYt+yV6b0s=,SynHgV7g5ERUSvoq4dNBIyAiCpc=
11,28,gdOGAJS3HYWq/p2g1mYt+yV6b0s=,qW2NWD8xY2hwE5JxbTU47ZpEldQ=
10,28,gdOGAJS3HYWq/p2g1mYt+yV6b0s=,qW2NWD8xY2hwE5JxbTU47ZpEldQ=
9,28,gdOGAJS3HYWq/p2g1mYt+yV6b0s=,qW2NWD8xY2hwE5JxbTU47ZpEldQ=
14,27,gdOGAJS3HYWq/p2g1mYt+yV6b0s=,qW2NWD8xY2hwE5JxbTU47ZpEldQ=
12,27,gdOGAJS3HYWq/p2g1mYt+yV6b0s=,qW2NWD8xY2hwE5JxbTU47ZpEldQ=
13,27,gdOGAJS3HYWq/p2g1mYt+yV6b0s=,qW2NWD8xY2hwE5JxbTU47ZpEldQ=
11,27,gdOGAJS3HYWq/p2g1mYt+yV6b0s=,qW2NWD8xY2hwE5JxbTU47ZpEldQ=
0,31,gdOGAJS3HYWq/p2g1mYt+yV6b0s=,HoHz/tW3oyoXaC1eyRr3/TtyHLE=
10,27,gdOGAJS3HYWq/p2g1mYt+yV6b0s=,qW2NWD8xY2hwE5JxbTU47ZpEldQ=
9,27,gdOGAJS3HYWq/p2g1mYt+yV6b0s=,qW2NWD8xY2hwE5JxbTU47ZpEldQ=
14,26,gdOGAJS3HYWq/p2g1mYt+yV6b0s=,qW2NWD8xY2hwE5JxbTU47ZpEldQ=
13,26,gdOGAJS3HYWq/p2g1mYt+yV6b0s=,qW2NWD8xY2hwE5JxbTU47ZpEldQ=
2,16,gdOGAJS3HYWq/p2g1mYt+yV6b0s=,SynHgV7g5ERUSvoq4dNBIyAiCpc=
8,16,gdOGAJS3HYWq/p2g1mYt+yV6b0s=,kL3OVVEQGtJsofw5GjJdy1KHzPY=
12,26,gdOGAJS3HYWq/p2g1mYt+yV6b0s=,qW2NWD8xY2hwE5JxbTU47ZpEldQ=
3,16,gdOGAJS3HYWq/p2g1mYt+yV6b0s=,SynHgV7g5ERUSvoq4dNBIyAiCpc=
9,16,gdOGAJS3HYWq/p2g1mYt+yV6b0s=,kL3OVVEQGtJsofw5GjJdy1KHzPY=
4,16,gdOGAJS3HYWq/p2g1mYt+yV6b0s=,SynHgV7g5ERUSvoq4dNBIyAiCpc=
15,31,gdOGAJS3HYWq/p2g1mYt+yV6b0s=,qW2NWD8xY2hwE5JxbTU47ZpEldQ=
10,16,gdOGAJS3HYWq/p2g1mYt+yV6b0s=,kL3OVVEQGtJsofw5GjJdy1KHzPY=
5,16,gdOGAJS3HYWq/p2g1mYt+yV6b0s=,SynHgV7g5ERUSvoq4dNBIyAiCpc=
15,16,gdOGAJS3HYWq/p2g1mYt+yV6b0s=,kL3OVVEQGtJsofw5GjJdy1KHzPY=
6,16,gdOGAJS3HYWq/p2g1mYt+yV6b0s=,SynHgV7g5ERUSvoq4dNBIyAiCpc=
14,16,gdOGAJS3HYWq/p2g1mYt+yV6b0s=,kL3OVVEQGtJsofw5GjJdy1KHzPY=
11,16,gdOGAJS3HYWq/p2g1mYt+yV6b0s=,kL3OVVEQGtJsofw5GjJdy1KHzPY=
0,16,gdOGAJS3HYWq/p2g1mYt+yV6b0s=,SynHgV7g5ERUSvoq4dNBIyAiCpc=
11,26,gdOGAJS3HYWq/p2g1mYt+yV6b0s=,qW2NWD8xY2hwE5JxbTU47ZpEldQ=
1,16,gdOGAJS3HYWq/p2g1mYt+yV6b0s=,SynHgV7g5ERUSvoq4dNBIyAiCpc=
7,16,gdOGAJS3HYWq/p2g1mYt+yV6b0s=,SynHgV7g5ERUSvoq4dNBIyAiCpc=
13,16,gdOGAJS3HYWq/p2g1mYt+yV6b0s=,kL3OVVEQGtJsofw5GjJdy1KHzPY=
12,16,gdOGAJS3HYWq/p2g1mYt+yV6b0s=,kL3OVVEQGtJsofw5GjJdy1KHzPY=
10,26,gdOGAJS3HYWq/p2g1mYt+yV6b0s=,qW2NWD8xY2hwE5JxbTU47ZpEldQ=
9,26,gdOGAJS3HYWq/p2g1mYt+yV6b0s=,qW2NWD8xY2hwE5JxbTU47ZpEldQ=
14,25,gdOGAJS3HYWq/p2g1mYt+yV6b0s=,qW2NWD8xY2hwE5JxbTU47ZpEldQ=
13,25,gdOGAJS3HYWq/p2g1mYt+yV6b0s=,qW2NWD8xY2hwE5JxbTU47ZpEldQ=
11,25,gdOGAJS3HYWq/p2g1mYt+yV6b0s=,qW2NWD8xY2hwE5JxbTU47ZpEldQ=
10,25,gdOGAJS3HYWq/p2g1mYt+yV6b0s=,qW2NWD8xY2hwE5JxbTU47ZpEldQ=
12,25,gdOGAJS3HYWq/p2g1mYt+yV6b0s=,qW2NWD8xY2hwE5JxbTU47ZpEldQ=
9,25,gdOGAJS3HYWq/p2g1mYt+yV6b0s=,qW2NWD8xY2hwE5JxbTU47ZpEldQ=
14,30,gdOGAJS3HYWq/p2g1mYt+yV6b0s=,qW2NWD8xY2hwE5JxbTU47ZpEldQ=
13,30,gdOGAJS3HYWq/p2g1mYt+yV6b0s=,qW2NWD8xY2hwE5JxbTU47ZpEldQ=
12,30,gdOGAJS3HYWq/p2g1mYt+yV6b0s=,qW2NWD8xY2hwE5JxbTU47ZpEldQ=
11,30,gdOGAJS3HYWq/p2g1mYt+yV6b0s=,qW2NWD8xY2hwE5JxbTU47ZpEldQ=
10,30,gdOGAJS3HYWq/p2g1mYt+yV6b0s=,qW2NWD8xY2hwE5JxbTU47ZpEldQ=
14,29,gdOGAJS3HYWq/p2g1mYt+yV6b0s=,qW2NWD8xY2hwE5JxbTU47ZpEldQ=
9,30,gdOGAJS3HYWq/p2g1mYt+yV6b0s=,qW2NWD8xY2hwE5JxbTU47ZpEldQ=
13,29,gdOGAJS3HYWq/p2g1mYt+yV6b0s=,qW2NWD8xY2hwE5JxbTU47ZpEldQ=
17,25,MdvGMQpOEBjyriQQk5wIGaVB5D8=,9gMG8r4Nd6G3JdhmCrgGtqKe0ug=
22,30,MdvGMQpOEBjyriQQk5wIGaVB5D8=,9gMG8r4Nd6G3JdhmCrgGtqKe0ug=
20,23,MdvGMQpOEBjyriQQk5wIGaVB5D8=,AfyTtlSnNvRvzzxbSecLoCLf+C4=
18,20,MdvGMQpOEBjyriQQk5wIGaVB5D8=,AfyTtlSnNvRvzzxbSecLoCLf+C4=
21,23,MdvGMQpOEBjyriQQk5wIGaVB5D8=,AfyTtlSnNvRvzzxbSecLoCLf+C4=
21,30,MdvGMQpOEBjyriQQk5wIGaVB5D8=,9gMG8r4Nd6G3JdhmCrgGtqKe0ug=
22,23,MdvGMQpOEBjyriQQk5wIGaVB5D8=,AfyTtlSnNvRvzzxbSecLoCLf+C4=
19,20,MdvGMQpOEBjyriQQk5wIGaVB5D8=,AfyTtlSnNvRvzzxbSecLoCLf+C4=
17,24,MdvGMQpOEBjyriQQk5wIGaVB5D8=,9gMG8r4Nd6G3JdhmCrgGtqKe0ug=
23,17,MdvGMQpOEBjyriQQk5wIGaVB5D8=,AfyTtlSnNvRvzzxbSecLoCLf+C4=
28,19,MdvGMQpOEBjyriQQk5wIGaVB5D8=,YRru42tXIZjVno2TvYewxajRHyU=
29,19,MdvGMQpOEBjyriQQk5wIGaVB5D8=,YRru42tXIZjVno2TvYewxajRHyU=
20,30,MdvGMQpOEBjyriQQk5wIGaVB5D8=,9gMG8r4Nd6G3JdhmCrgGtqKe0ug=
30,19,MdvGMQpOEBjyriQQk5wIGaVB5D8=,YRru42tXIZjVno2TvYewxajRHyU=
19,23,MdvGMQpOEBjyriQQk5wIGaVB5D8=,AfyTtlSnNvRvzzxbSecLoCLf+C4=
24,20,MdvGMQpOEBjyriQQk5wIGaVB5D8=,YRru42tXIZjVno2TvYewxajRHyU=
25,20,MdvGMQpOEBjyriQQk5wIGaVB5D8=,YRru42tXIZjVno2TvYewxajRHyU=
26,20,MdvGMQpOEBjyriQQk5wIGaVB5D8=,YRru42tXIZjVno2TvYewxajRHyU=
27,20,MdvGMQpOEBjyriQQk5wIGaVB5D8=,YRru42tXIZjVno2TvYewxajRHyU=
19,30,MdvGMQpOEBjyriQQk5wIGaVB5D8=,9gMG8r4Nd6G3JdhmCrgGtqKe0ug=
28,20,MdvGMQpOEBjyriQQk5wIGaVB5D8=,YRru42tXIZjVno2TvYewxajRHyU=
17,21,MdvGMQpOEBjyriQQk5wIGaVB5D8=,AfyTtlSnNvRvzzxbSecLoCLf+C4=
23,22,MdvGMQpOEBjyriQQk5wIGaVB5D8=,AfyTtlSnNvRvzzxbSecLoCLf+C4=
23,18,MdvGMQpOEBjyriQQk5wIGaVB5D8=,AfyTtlSnNvRvzzxbSecLoCLf+C4=
27,19,MdvGMQpOEBjyriQQk5wIGaVB5D8=,YRru42tXIZjVno2TvYewxajRHyU=
17,18,MdvGMQpOEBjyriQQk5wIGaVB5D8=,AfyTtlSnNvRvzzxbSecLoCLf+C4=
29,20,MdvGMQpOEBjyriQQk5wIGaVB5D8=,YRru42tXIZjVno2TvYewxajRHyU=
26,19,MdvGMQpOEBjyriQQk5wIGaVB5D8=,YRru42tXIZjVno2TvYewxajRHyU=
18,30,MdvGMQpOEBjyriQQk5wIGaVB5D8=,9gMG8r4Nd6G3JdhmCrgGtqKe0ug=
22,18,MdvGMQpOEBjyriQQk5wIGaVB5D8=,AfyTtlSnNvRvzzxbSecLoCLf+C4=
30,20,MdvGMQpOEBjyriQQk5wIGaVB5D8=,YRru42tXIZjVno2TvYewxajRHyU=
21,18,MdvGMQpOEBjyriQQk5wIGaVB5D8=,AfyTtlSnNvRvzzxbSecLoCLf+C4=
20,18,MdvGMQpOEBjyriQQk5wIGaVB5D8=,AfyTtlSnNvRvzzxbSecLoCLf+C4=
23,21,MdvGMQpOEBjyriQQk5wIGaVB5D8=,AfyTtlSnNvRvzzxbSecLoCLf+C4=
25,19,MdvGMQpOEBjyriQQk5wIGaVB5D8=,YRru42tXIZjVno2TvYewxajRHyU=
24,19,MdvGMQpOEBjyriQQk5wIGaVB5D8=,YRru42tXIZjVno2TvYewxajRHyU=
24,21,MdvGMQpOEBjyriQQk5wIGaVB5D8=,YRru42tXIZjVno2TvYewxajRHyU=
19,18,MdvGMQpOEBjyriQQk5wIGaVB5D8=,AfyTtlSnNvRvzzxbSecLoCLf+C4=
17,30,MdvGMQpOEBjyriQQk5wIGaVB5D8=,9gMG8r4Nd6G3JdhmCrgGtqKe0ug=
22,29,MdvGMQpOEBjyriQQk5wIGaVB5D8=,9gMG8r4Nd6G3JdhmCrgGtqKe0ug=
25,21,MdvGMQpOEBjyriQQk5wIGaVB5D8=,YRru42tXIZjVno2TvYewxajRHyU=
30,22,MdvGMQpOEBjyriQQk5wIGaVB5D8=,YRru42tXIZjVno2TvYewxajRHyU=
29,18,MdvGMQpOEBjyriQQk5wIGaVB5D8=,YRru42tXIZjVno2TvYewxajRHyU=
26,21,MdvGMQpOEBjyriQQk5wIGaVB5D8=,YRru42tXIZjVno2TvYewxajRHyU=
21,22,MdvGMQpOEBjyriQQk5wIGaVB5D8=,AfyTtlSnNvRvzzxbSecLoCLf+C4=
29,22,MdvGMQpOEBjyriQQk5wIGaVB5D8=,YRru42tXIZjVno2TvYewxajRHyU=
18,18,MdvGMQpOEBjyriQQk5wIGaVB5D8=,AfyTtlSnNvRvzzxbSecLoCLf+C4=
27,21,MdvGMQpOEBjyriQQk5wIGaVB5D8=,YRru42tXIZjVno2TvYewxajRHyU=
18,23,MdvGMQpOEBjyriQQk5wIGaVB5D8=,AfyTtlSnNvRvzzxbSecLoCLf+C4=
28,22,MdvGMQpOEBjyriQQk5wIGaVB5D8=,YRru42tXIZjVno2TvYewxajRHyU=
20,22,MdvGMQpOEBjyriQQk5wIGaVB5D8=,AfyTtlSnNvRvzzxbSecLoCLf+C4=
28,21,MdvGMQpOEBjyriQQk5wIGaVB5D8=,YRru42tXIZjVno2TvYewxajRHyU=
27,22,MdvGMQpOEBjyriQQk5wIGaVB5D8=,YRru42tXIZjVno2TvYewxajRHyU=
17,23,MdvGMQpOEBjyriQQk5wIGaVB5D8=,AfyTtlSnNvRvzzxbSecLoCLf+C4=
26,22,MdvGMQpOEBjyriQQk5wIGaVB5D8=,YRru42tXIZjVno2TvYewxajRHyU=
29,21,MdvGMQpOEBjyriQQk5wIGaVB5D8=,YRru42tXIZjVno2TvYewxajRHyU=
17,20,MdvGMQpOEBjyriQQk5wIGaVB5D8=,AfyTtlSnNvRvzzxbSecLoCLf+C4=
22,19,MdvGMQpOEBjyriQQk5wIGaVB5D8=,AfyTtlSnNvRvzzxbSecLoCLf+C4=
28,18,MdvGMQpOEBjyriQQk5wIGaVB5D8=,YRru42tXIZjVno2TvYewxajRHyU=
24,17,MdvGMQpOEBjyriQQk5wIGaVB5D8=,YRru42tXIZjVno2TvYewxajRHyU=
20,19,MdvGMQpOEBjyriQQk5wIGaVB5D8=,AfyTtlSnNvRvzzxbSecLoCLf+C4=
21,19,MdvGMQpOEBjyriQQk5wIGaVB5D8=,AfyTtlSnNvRvzzxbSecLoCLf+C4=
22,20,MdvGMQpOEBjyriQQk5wIGaVB5D8=,AfyTtlSnNvRvzzxbSecLoCLf+C4=
25,17,MdvGMQpOEBjyriQQk5wIGaVB5D8=,YRru42tXIZjVno2TvYewxajRHyU=
19,22,MdvGMQpOEBjyriQQk5wIGaVB5D8=,AfyTtlSnNvRvzzxbSecLoCLf+C4=
26,17,MdvGMQpOEBjyriQQk5wIGaVB5D8=,YRru42tXIZjVno2TvYewxajRHyU=
19,19,MdvGMQpOEBjyriQQk5wIGaVB5D8=,AfyTtlSnNvRvzzxbSecLoCLf+C4=
27,18,MdvGMQpOEBjyriQQk5wIGaVB5D8=,YRru42tXIZjVno2TvYewxajRHyU=
18,22,MdvGMQpOEBjyriQQk5wIGaVB5D8=,AfyTtlSnNvRvzzxbSecLoCLf+C4=
26,18,MdvGMQpOEBjyriQQk5wIGaVB5D8=,YRru42tXIZjVno2TvYewxajRHyU=
17,19,MdvGMQpOEBjyriQQk5wIGaVB5D8=,AfyTtlSnNvRvzzxbSecLoCLf+C4=
22,21,MdvGMQpOEBjyriQQk5wIGaVB5D8=,AfyTtlSnNvRvzzxbSecLoCLf+C4=
25,18,MdvGMQpOEBjyriQQk5wIGaVB5D8=,YRru42tXIZjVno2TvYewxajRHyU=
24,18,MdvGMQpOEBjyriQQk5wIGaVB5D8=,YRru42tXIZjVno2TvYewxajRHyU=
21,21,MdvGMQpOEBjyriQQk5wIGaVB5D8=,AfyTtlSnNvRvzzxbSecLoCLf+C4=
20,21,MdvGMQpOEBjyriQQk5wIGaVB5D8=,AfyTtlSnNvRvzzxbSecLoCLf+C4=
19,21,MdvGMQpOEBjyriQQk5wIGaVB5D8=,AfyTtlSnNvRvzzxbSecLoCLf+C4=
21,29,MdvGMQpOEBjyriQQk5wIGaVB5D8=,9gMG8r4Nd6G3JdhmCrgGtqKe0ug=
18,21,MdvGMQpOEBjyriQQk5wIGaVB5D8=,AfyTtlSnNvRvzzxbSecLoCLf+C4=
25,22,MdvGMQpOEBjyriQQk5wIGaVB5D8=,YRru42tXIZjVno2TvYewxajRHyU=
22,24,MdvGMQpOEBjyriQQk5wIGaVB5D8=,9gMG8r4Nd6G3JdhmCrgGtqKe0ug=
30,17,MdvGMQpOEBjyriQQk5wIGaVB5D8=,YRru42tXIZjVno2TvYewxajRHyU=
18,19,MdvGMQpOEBjyriQQk5wIGaVB5D8=,AfyTtlSnNvRvzzxbSecLoCLf+C4=
22,22,MdvGMQpOEBjyriQQk5wIGaVB5D8=,AfyTtlSnNvRvzzxbSecLoCLf+C4=
20,29,MdvGMQpOEBjyriQQk5wIGaVB5D8=,9gMG8r4Nd6G3JdhmCrgGtqKe0ug=
21,24,MdvGMQpOEBjyriQQk5wIGaVB5D8=,9gMG8r4Nd6G3JdhmCrgGtqKe0ug=
29,17,MdvGMQpOEBjyriQQk5wIGaVB5D8=,YRru42tXIZjVno2TvYewxajRHyU=
17,22,MdvGMQpOEBjyriQQk5wIGaVB5D8=,AfyTtlSnNvRvzzxbSecLoCLf+C4=
23,19,MdvGMQpOEBjyriQQk5wIGaVB5D8=,AfyTtlSnNvRvzzxbSecLoCLf+C4=
30,21,MdvGMQpOEBjyriQQk5wIGaVB5D8=,YRru42tXIZjVno2TvYewxajRHyU=
18,29,MdvGMQpOEBjyriQQk5wIGaVB5D8=,9gMG8r4Nd6G3JdhmCrgGtqKe0ug=
28,29,MdvGMQpOEBjyriQQk5wIGaVB5D8=,dnhpquZYtSe45d0JWmfr8BRcVkQ=
18,24,MdvGMQpOEBjyriQQk5wIGaVB5D8=,9gMG8r4Nd6G3JdhmCrgGtqKe0ug=
27,17,MdvGMQpOEBjyriQQk5wIGaVB5D8=,YRru42tXIZjVno2TvYewxajRHyU=
19,24,MdvGMQpOEBjyriQQk5wIGaVB5D8=,9gMG8r4Nd6G3JdhmCrgGtqKe0ug=
29,29,MdvGMQpOEBjyriQQk5wIGaVB5D8=,dnhpquZYtSe45d0JWmfr8BRcVkQ=
20,20,MdvGMQpOEBjyriQQk5wIGaVB5D8=,AfyTtlSnNvRvzzxbSecLoCLf+C4=
24,22,MdvGMQpOEBjyriQQk5wIGaVB5D8=,YRru42tXIZjVno2TvYewxajRHyU=
30,29,MdvGMQpOEBjyriQQk5wIGaVB5D8=,dnhpquZYtSe45d0JWmfr8BRcVkQ=
18,17,MdvGMQpOEBjyriQQk5wIGaVB5D8=,AfyTtlSnNvRvzzxbSecLoCLf+C4=
30,18,MdvGMQpOEBjyriQQk5wIGaVB5D8=,YRru42tXIZjVno2TvYewxajRHyU=
23,20,MdvGMQpOEBjyriQQk5wIGaVB5D8=,AfyTtlSnNvRvzzxbSecLoCLf+C4=
24,30,MdvGMQpOEBjyriQQk5wIGaVB5D8=,dnhpquZYtSe45d0JWmfr8BRcVkQ=
17,17,MdvGMQpOEBjyriQQk5wIGaVB5D8=,AfyTtlSnNvRvzzxbSecLoCLf+C4=
19,17,MdvGMQpOEBjyriQQk5wIGaVB5D8=,AfyTtlSnNvRvzzxbSecLoCLf+C4=
28,17,MdvGMQpOEBjyriQQk5wIGaVB5D8=,YRru42tXIZjVno2TvYewxajRHyU=
24,24,MdvGMQpOEBjyriQQk5wIGaVB5D8=,dnhpquZYtSe45d0JWmfr8BRcVkQ=
25,30,MdvGMQpOEBjyriQQk5wIGaVB5D8=,dnhpquZYtSe45d0JWmfr8BRcVkQ=
22,28,MdvGMQpOEBjyriQQk5wIGaVB5D8=,9gMG8r4Nd6G3JdhmCrgGtqKe0ug=
20,17,MdvGMQpOEBjyriQQk5wIGaVB5D8=,AfyTtlSnNvRvzzxbSecLoCLf+C4=
26,30,MdvGMQpOEBjyriQQk5wIGaVB5D8=,dnhpquZYtSe45d0JWmfr8BRcVkQ=
27,29,MdvGMQpOEBjyriQQk5wIGaVB5D8=,dnhpquZYtSe45d0JWmfr8BRcVkQ=
30,23,MdvGMQpOEBjyriQQk5wIGaVB5D8=,YRru42tXIZjVno2TvYewxajRHyU=
21,17,MdvGMQpOEBjyriQQk5wIGaVB5D8=,AfyTtlSnNvRvzzxbSecLoCLf+C4=
23,23,MdvGMQpOEBjyriQQk5wIGaVB5D8=,AfyTtlSnNvRvzzxbSecLoCLf+C4=
20,28,MdvGMQpOEBjyriQQk5wIGaVB5D8=,9gMG8r4Nd6G3JdhmCrgGtqKe0ug=
21,28,MdvGMQpOEBjyriQQk5wIGaVB5D8=,9gMG8r4Nd6G3JdhmCrgGtqKe0ug=
22,17,MdvGMQpOEBjyriQQk5wIGaVB5D8=,AfyTtlSnNvRvzzxbSecLoCLf+C4=
27,30,MdvGMQpOEBjyriQQk5wIGaVB5D8=,dnhpquZYtSe45d0JWmfr8BRcVkQ=
19,28,MdvGMQpOEBjyriQQk5wIGaVB5D8=,9gMG8r4Nd6G3JdhmCrgGtqKe0ug=
18,28,MdvGMQpOEBjyriQQk5wIGaVB5D8=,9gMG8r4Nd6G3JdhmCrgGtqKe0ug=
21,20,MdvGMQpOEBjyriQQk5wIGaVB5D8=,AfyTtlSnNvRvzzxbSecLoCLf+C4=
25,24,MdvGMQpOEBjyriQQk5wIGaVB5D8=,dnhpquZYtSe45d0JWmfr8BRcVkQ=
29,23,MdvGMQpOEBjyriQQk5wIGaVB5D8=,YRru42tXIZjVno2TvYewxajRHyU=
17,28,MdvGMQpOEBjyriQQk5wIGaVB5D8=,9gMG8r4Nd6G3JdhmCrgGtqKe0ug=
28,30,MdvGMQpOEBjyriQQk5wIGaVB5D8=,dnhpquZYtSe45d0JWmfr8BRcVkQ=
22,27,MdvGMQpOEBjyriQQk5wIGaVB5D8=,9gMG8r4Nd6G3JdhmCrgGtqKe0ug=
21,27,MdvGMQpOEBjyriQQk5wIGaVB5D8=,9gMG8r4Nd6G3JdhmCrgGtqKe0ug=
20,27,MdvGMQpOEBjyriQQk5wIGaVB5D8=,9gMG8r4Nd6G3JdhmCrgGtqKe0ug=
29,30,MdvGMQpOEBjyriQQk5wIGaVB5D8=,dnhpquZYtSe45d0JWmfr8BRcVkQ=
26,29,MdvGMQpOEBjyriQQk5wIGaVB5D8=,dnhpquZYtSe45d0JWmfr8BRcVkQ=
19,27,MdvGMQpOEBjyriQQk5wIGaVB5D8=,9gMG8r4Nd6G3JdhmCrgGtqKe0ug=
26,24,MdvGMQpOEBjyriQQk5wIGaVB5D8=,dnhpquZYtSe45d0JWmfr8BRcVkQ=
28,23,MdvGMQpOEBjyriQQk5wIGaVB5D8=,YRru42tXIZjVno2TvYewxajRHyU=
27,24,MdvGMQpOEBjyriQQk5wIGaVB5D8=,dnhpquZYtSe45d0JWmfr8BRcVkQ=
25,29,MdvGMQpOEBjyriQQk5wIGaVB5D8=,dnhpquZYtSe45d0JWmfr8BRcVkQ=
18,27,MdvGMQpOEBjyriQQk5wIGaVB5D8=,9gMG8r4Nd6G3JdhmCrgGtqKe0ug=
17,27,MdvGMQpOEBjyriQQk5wIGaVB5D8=,9gMG8r4Nd6G3JdhmCrgGtqKe0ug=
28,24,MdvGMQpOEBjyriQQk5wIGaVB5D8=,dnhpquZYtSe45d0JWmfr8BRcVkQ=
22,26,MdvGMQpOEBjyriQQk5wIGaVB5D8=,9gMG8r4Nd6G3JdhmCrgGtqKe0ug=
21,26,MdvGMQpOEBjyriQQk5wIGaVB5D8=,9gMG8r4Nd6G3JdhmCrgGtqKe0ug=
20,26,MdvGMQpOEBjyriQQk5wIGaVB5D8=,9gMG8r4Nd6G3JdhmCrgGtqKe0ug=
29,24,MdvGMQpOEBjyriQQk5wIGaVB5D8=,dnhpquZYtSe45d0JWmfr8BRcVkQ=
19,26,MdvGMQpOEBjyriQQk5wIGaVB5D8=,9gMG8r4Nd6G3JdhmCrgGtqKe0ug=
27,23,MdvGMQpOEBjyriQQk5wIGaVB5D8=,YRru42tXIZjVno2TvYewxajRHyU=
24,29,MdvGMQpOEBjyriQQk5wIGaVB5D8=,dnhpquZYtSe45d0JWmfr8BRcVkQ=
30,24,MdvGMQpOEBjyriQQk5wIGaVB5D8=,dnhpquZYtSe45d0JWmfr8BRcVkQ=
18,26,MdvGMQpOEBjyriQQk5wIGaVB5D8=,9gMG8r4Nd6G3JdhmCrgGtqKe0ug=
17,26,MdvGMQpOEBjyriQQk5wIGaVB5D8=,9gMG8r4Nd6G3JdhmCrgGtqKe0ug=
22,25,MdvGMQpOEBjyriQQk5wIGaVB5D8=,9gMG8r4Nd6G3JdhmCrgGtqKe0ug=
24,25,MdvGMQpOEBjyriQQk5wIGaVB5D8=,dnhpquZYtSe45d0JWmfr8BRcVkQ=
21,25,MdvGMQpOEBjyriQQk5wIGaVB5D8=,9gMG8r4Nd6G3JdhmCrgGtqKe0ug=
26,23,MdvGMQpOEBjyriQQk5wIGaVB5D8=,YRru42tXIZjVno2TvYewxajRHyU=
25,25,MdvGMQpOEBjyriQQk5wIGaVB5D8=,dnhpquZYtSe45d0JWmfr8BRcVkQ=
19,25,MdvGMQpOEBjyriQQk5wIGaVB5D8=,9gMG8r4Nd6G3JdhmCrgGtqKe0ug=
25,23,MdvGMQpOEBjyriQQk5wIGaVB5D8=,YRru42tXIZjVno2TvYewxajRHyU=
20,25,MdvGMQpOEBjyriQQk5wIGaVB5D8=,9gMG8r4Nd6G3JdhmCrgGtqKe0ug=
26,25,MdvGMQpOEBjyriQQk5wIGaVB5D8=,dnhpquZYtSe45d0JWmfr8BRcVkQ=
18,25,MdvGMQpOEBjyriQQk5wIGaVB5D8=,9gMG8r4Nd6G3JdhmCrgGtqKe0ug=
24,23,MdvGMQpOEBjyriQQk5wIGaVB5D8=,YRru42tXIZjVno2TvYewxajRHyU=
30,30,MdvGMQpOEBjyriQQk5wIGaVB5D8=,dnhpquZYtSe45d0JWmfr8BRcVkQ=
23,30,MdvGMQpOEBjyriQQk5wIGaVB5D8=,9gMG8r4Nd6G3JdhmCrgGtqKe0ug=
30,28,MdvGMQpOEBjyriQQk5wIGaVB5D8=,dnhpquZYtSe45d0JWmfr8BRcVkQ=
29,28,MdvGMQpOEBjyriQQk5wIGaVB5D8=,dnhpquZYtSe45d0JWmfr8BRcVkQ=
23,24,MdvGMQpOEBjyriQQk5wIGaVB5D8=,9gMG8r4Nd6G3JdhmCrgGtqKe0ug=
28,28,MdvGMQpOEBjyriQQk5wIGaVB5D8=,dnhpquZYtSe45d0JWmfr8BRcVkQ=
27,28,MdvGMQpOEBjyriQQk5wIGaVB5D8=,dnhpquZYtSe45d0JWmfr8BRcVkQ=
26,28,MdvGMQpOEBjyriQQk5wIGaVB5D8=,dnhpquZYtSe45d0JWmfr8BRcVkQ=
27,25,MdvGMQpOEBjyriQQk5wIGaVB5D8=,dnhpquZYtSe45d0JWmfr8BRcVkQ=
23,29,MdvGMQpOEBjyriQQk5wIGaVB5D8=,9gMG8r4Nd6G3JdhmCrgGtqKe0ug=
25,28,MdvGMQpOEBjyriQQk5wIGaVB5D8=,dnhpquZYtSe45d0JWmfr8BRcVkQ=
24,28,MdvGMQpOEBjyriQQk5wIGaVB5D8=,dnhpquZYtSe45d0JWmfr8BRcVkQ=
28,25,MdvGMQpOEBjyriQQk5wIGaVB5D8=,dnhpquZYtSe45d0JWmfr8BRcVkQ=
23,28,MdvGMQpOEBjyriQQk5wIGaVB5D8=,9gMG8r4Nd6G3JdhmCrgGtqKe0ug=
30,27,MdvGMQpOEBjyriQQk5wIGaVB5D8=,dnhpquZYtSe45d0JWmfr8BRcVkQ=
29,25,MdvGMQpOEBjyriQQk5wIGaVB5D8=,dnhpquZYtSe45d0JWmfr8BRcVkQ=
29,27,MdvGMQpOEBjyriQQk5wIGaVB5D8=,dnhpquZYtSe45d0JWmfr8BRcVkQ=
23,27,MdvGMQpOEBjyriQQk5wIGaVB5D8=,9gMG8r4Nd6G3JdhmCrgGtqKe0ug=
28,27,MdvGMQpOEBjyriQQk5wIGaVB5D8=,dnhpquZYtSe45d0JWmfr8BRcVkQ=
30,25,MdvGMQpOEBjyriQQk5wIGaVB5D8=,dnhpquZYtSe45d0JWmfr8BRcVkQ=
23,26,MdvGMQpOEBjyriQQk5wIGaVB5D8=,9gMG8r4Nd6G3JdhmCrgGtqKe0ug=
27,27,MdvGMQpOEBjyriQQk5wIGaVB5D8=,dnhpquZYtSe45d0JWmfr8BRcVkQ=
26,27,MdvGMQpOEBjyriQQk5wIGaVB5D8=,dnhpquZYtSe45d0JWmfr8BRcVkQ=
24,26,MdvGMQpOEBjyriQQk5wIGaVB5D8=,dnhpquZYtSe45d0JWmfr8BRcVkQ=
25,27,MdvGMQpOEBjyriQQk5wIGaVB5D8=,dnhpquZYtSe45d0JWmfr8BRcVkQ=
24,27,MdvGMQpOEBjyriQQk5wIGaVB5D8=,dnhpquZYtSe45d0JWmfr8BRcVkQ=
25,26,MdvGMQpOEBjyriQQk5wIGaVB5D8=,dnhpquZYtSe45d0JWmfr8BRcVkQ=
28,26,MdvGMQpOEBjyriQQk5wIGaVB5D8=,dnhpquZYtSe45d0JWmfr8BRcVkQ=
30,26,MdvGMQpOEBjyriQQk5wIGaVB5D8=,dnhpquZYtSe45d0JWmfr8BRcVkQ=
26,26,MdvGMQpOEBjyriQQk5wIGaVB5D8=,dnhpquZYtSe45d0JWmfr8BRcVkQ=
29,26,MdvGMQpOEBjyriQQk5wIGaVB5D8=,dnhpquZYtSe45d0JWmfr8BRcVkQ=
20,24,MdvGMQpOEBjyriQQk5wIGaVB5D8=,9gMG8r4Nd6G3JdhmCrgGtqKe0ug=
27,26,MdvGMQpOEBjyriQQk5wIGaVB5D8=,dnhpquZYtSe45d0JWmfr8BRcVkQ=
23,25,MdvGMQpOEBjyriQQk5wIGaVB5D8=,9gMG8r4Nd6G3JdhmCrgGtqKe0ug=
17,29,MdvGMQpOEBjyriQQk5wIGaVB5D8=,9gMG8r4Nd6G3JdhmCrgGtqKe0ug=
19,29,MdvGMQpOEBjyriQQk5wIGaVB5D8=,9gMG8r4Nd6G3JdhmCrgGtqKe0ug=
31,29,MdvGMQpOEBjyriQQk5wIGaVB5D8=,dnhpquZYtSe45d0JWmfr8BRcVkQ=
31,30,MdvGMQpOEBjyriQQk5wIGaVB5D8=,dnhpquZYtSe45d0JWmfr8BRcVkQ=
17,16,MdvGMQpOEBjyriQQk5wIGaVB5D8=,AfyTtlSnNvRvzzxbSecLoCLf+C4=
31,24,MdvGMQpOEBjyriQQk5wIGaVB5D8=,dnhpquZYtSe45d0JWmfr8BRcVkQ=
18,16,MdvGMQpOEBjyriQQk5wIGaVB5D8=,AfyTtlSnNvRvzzxbSecLoCLf+C4=
31,25,MdvGMQpOEBjyriQQk5wIGaVB5D8=,dnhpquZYtSe45d0JWmfr8BRcVkQ=
31,19,MdvGMQpOEBjyriQQk5wIGaVB5D8=,YRru42tXIZjVno2TvYewxajRHyU=
19,16,MdvGMQpOEBjyriQQk5wIGaVB5D8=,AfyTtlSnNvRvzzxbSecLoCLf+C4=
31,26,MdvGMQpOEBjyriQQk5wIGaVB5D8=,dnhpquZYtSe45d0JWmfr8BRcVkQ=
31,20,MdvGMQpOEBjyriQQk5wIGaVB5D8=,YRru42tXIZjVno2TvYewxajRHyU=
20,16,MdvGMQpOEBjyriQQk5wIGaVB5D8=,AfyTtlSnNvRvzzxbSecLoCLf+C4=
31,27,MdvGMQpOEBjyriQQk5wIGaVB5D8=,dnhpquZYtSe45d0JWmfr8BRcVkQ=
31,21,MdvGMQpOEBjyriQQk5wIGaVB5D8=,YRru42tXIZjVno2TvYewxajRHyU=
21,16,MdvGMQpOEBjyriQQk5wIGaVB5D8=,AfyTtlSnNvRvzzxbSecLoCLf+C4=
31,28,MdvGMQpOEBjyriQQk5wIGaVB5D8=,dnhpquZYtSe45d0JWmfr8BRcVkQ=
31,17,MdvGMQpOEBjyriQQk5wIGaVB5D8=,YRru42tXIZjVno2TvYewxajRHyU=
22,16,MdvGMQpOEBjyriQQk5wIGaVB5D8=,AfyTtlSnNvRvzzxbSecLoCLf+C4=
24,16,MdvGMQpOEBjyriQQk5wIGaVB5D8=,YRru42tXIZjVno2TvYewxajRHyU=
31,18,MdvGMQpOEBjyriQQk5wIGaVB5D8=,YRru42tXIZjVno2TvYewxajRHyU=
25,16,MdvGMQpOEBjyriQQk5wIGaVB5D8=,YRru42tXIZjVno2TvYewxajRHyU=
31,22,MdvGMQpOEBjyriQQk5wIGaVB5D8=,YRru42tXIZjVno2TvYewxajRHyU=
26,16,MdvGMQpOEBjyriQQk5wIGaVB5D8=,YRru42tXIZjVno2TvYewxajRHyU=
31,23,MdvGMQpOEBjyriQQk5wIGaVB5D8=,YRru42tXIZjVno2TvYewxajRHyU=
27,16,MdvGMQpOEBjyriQQk5wIGaVB5D8=,YRru42tXIZjVno2TvYewxajRHyU=
28,16,MdvGMQpOEBjyriQQk5wIGaVB5D8=,YRru42tXIZjVno2TvYewxajRHyU=
29,16,MdvGMQpOEBjyriQQk5wIGaVB5D8=,YRru42tXIZjVno2TvYewxajRHyU=
23,16,MdvGMQpOEBjyriQQk5wIGaVB5D8=,AfyTtlSnNvRvzzxbSecLoCLf+C4=
16,22,MdvGMQpOEBjyriQQk5wIGaVB5D8=,AfyTtlSnNvRvzzxbSecLoCLf+C4=
30,16,MdvGMQpOEBjyriQQk5wIGaVB5D8=,YRru42tXIZjVno2TvYewxajRHyU=
16,18,MdvGMQpOEBjyriQQk5wIGaVB5D8=,AfyTtlSnNvRvzzxbSecLoCLf+C4=
16,20,MdvGMQpOEBjyriQQk5wIGaVB5D8=,AfyTtlSnNvRvzzxbSecLoCLf+C4=
16,19,MdvGMQpOEBjyriQQk5wIGaVB5D8=,AfyTtlSnNvRvzzxbSecLoCLf+C4=
16,17,MdvGMQpOEBjyriQQk5wIGaVB5D8=,AfyTtlSnNvRvzzxbSecLoCLf+C4=
16,21,MdvGMQpOEBjyriQQk5wIGaVB5D8=,AfyTtlSnNvRvzzxbSecLoCLf+C4=
16,24,MdvGMQpOEBjyriQQk5wIGaVB5D8=,9gMG8r4Nd6G3JdhmCrgGtqKe0ug=
16,25,MdvGMQpOEBjyriQQk5wIGaVB5D8=,9gMG8r4Nd6G3JdhmCrgGtqKe0ug=
16,23,MdvGMQpOEBjyriQQk5wIGaVB5D8=,AfyTtlSnNvRvzzxbSecLoCLf+C4=
20,31,MdvGMQpOEBjyriQQk5wIGaVB5D8=,9gMG8r4Nd6G3JdhmCrgGtqKe0ug=
16,26,MdvGMQpOEBjyriQQk5wIGaVB5D8=,9gMG8r4Nd6G3JdhmCrgGtqKe0ug=
21,31,MdvGMQpOEBjyriQQk5wIGaVB5D8=,9gMG8r4Nd6G3JdhmCrgGtqKe0ug=
23,31,MdvGMQpOEBjyriQQk5wIGaVB5D8=,9gMG8r4Nd6G3JdhmCrgGtqKe0ug=
16,27,MdvGMQpOEBjyriQQk5wIGaVB5D8=,9gMG8r4Nd6G3JdhmCrgGtqKe0ug=
22,31,MdvGMQpOEBjyriQQk5wIGaVB5D8=,9gMG8r4Nd6G3JdhmCrgGtqKe0ug=
16,28,MdvGMQpOEBjyriQQk5wIGaVB5D8=,9gMG8r4Nd6G3JdhmCrgGtqKe0ug=
24,31,MdvGMQpOEBjyriQQk5wIGaVB5D8=,dnhpquZYtSe45d0JWmfr8BRcVkQ=
16,31,MdvGMQpOEBjyriQQk5wIGaVB5D8=,9gMG8r4Nd6G3JdhmCrgGtqKe0ug=
25,31,MdvGMQpOEBjyriQQk5wIGaVB5D8=,dnhpquZYtSe45d0JWmfr8BRcVkQ=
17,31,MdvGMQpOEBjyriQQk5wIGaVB5D8=,9gMG8r4Nd6G3JdhmCrgGtqKe0ug=
16,29,MdvGMQpOEBjyriQQk5wIGaVB5D8=,9gMG8r4Nd6G3JdhmCrgGtqKe0ug=
26,31,MdvGMQpOEBjyriQQk5wIGaVB5D8=,dnhpquZYtSe45d0JWmfr8BRcVkQ=
16,30,MdvGMQpOEBjyriQQk5wIGaVB5D8=,9gMG8r4Nd6G3JdhmCrgGtqKe0ug=
18,31,MdvGMQpOEBjyriQQk5wIGaVB5D8=,9gMG8r4Nd6G3JdhmCrgGtqKe0ug=
19,31,MdvGMQpOEBjyriQQk5wIGaVB5D8=,9gMG8r4Nd6G3JdhmCrgGtqKe0ug=
27,31,MdvGMQpOEBjyriQQk5wIGaVB5D8=,dnhpquZYtSe45d0JWmfr8BRcVkQ=
16,16,MdvGMQpOEBjyriQQk5wIGaVB5D8=,AfyTtlSnNvRvzzxbSecLoCLf+C4=
31,16,MdvGMQpOEBjyriQQk5wIGaVB5D8=,YRru42tXIZjVno2TvYewxajRHyU=
28,31,MdvGMQpOEBjyriQQk5wIGaVB5D8=,dnhpquZYtSe45d0JWmfr8BRcVkQ=
31,31,MdvGMQpOEBjyriQQk5wIGaVB5D8=,dnhpquZYtSe45d0JWmfr8BRcVkQ=
30,31,MdvGMQpOEBjyriQQk5wIGaVB5D8=,dnhpquZYtSe45d0JWmfr8BRcVkQ=
29,31,MdvGMQpOEBjyriQQk5wIGaVB5D8=,dnhpquZYtSe45d0JWmfr8BRcVkQ=
17,5,eV6qTxu+AyzM/9oygsfyscXJ8UY=,woK3zrwlblUBQylik1phUe7m5CE=
18,5,eV6qTxu+AyzM/9oygsfyscXJ8UY=,woK3zrwlblUBQylik1phUe7m5CE=
18,1,eV6qTxu+AyzM/9oygsfyscXJ8UY=,woK3zrwlblUBQylik1phUe7m5CE=
19,1,eV6qTxu+AyzM/9oygsfyscXJ8UY=,woK3zrwlblUBQylik1phUe7m5CE=
28,3,eV6qTxu+AyzM/9oygsfyscXJ8UY=,PT96+VhGfA1/NDNgRIg0sRlYLSg=
29,3,eV6qTxu+AyzM/9oygsfyscXJ8UY=,PT96+VhGfA1/NDNgRIg0sRlYLSg=
30,3,eV6qTxu+AyzM/9oygsfyscXJ8UY=,PT96+VhGfA1/NDNgRIg0sRlYLSg=
24,4,eV6qTxu+AyzM/9oygsfyscXJ8UY=,PT96+VhGfA1/NDNgRIg0sRlYLSg=
25,4,Pxlrs6HiYydfHYirL8DlDDb7QoE=,PT96+VhGfA1/NDNgRIg0sRlYLSg=
28,13,Pxlrs6HiYydfHYirL8DlDDb7QoE=,lKlFLIZrwVCAXrlrO71V7K5VpEs=
26,4,Pxlrs6HiYydfHYirL8DlDDb7QoE=,PT96+VhGfA1/NDNgRIg0sRlYLSg=
29,13,DvvjN/PO6PMq3X0b0Z3cyE4555o=,lKlFLIZrwVCAXrlrO71V7K5VpEs=
23,1,DvvjN/PO6PMq3X0b0Z3cyE4555o=,woK3zrwlblUBQylik1phUe7m5CE=
30,13,DvvjN/PO6PMq3X0b0Z3cyE4555o=,lKlFLIZrwVCAXrlrO71V7K5VpEs=
27,4,DvvjN/PO6PMq3X0b0Z3cyE4555o=,PT96+VhGfA1/NDNgRIg0sRlYLSg=
28,4,DvvjN/PO6PMq3X0b0Z3cyE4555o=,PT96+VhGfA1/NDNgRIg0sRlYLSg=
25,8,DvvjN/PO6PMq3X0b0Z3cyE4555o=,lKlFLIZrwVCAXrlrO71V7K5VpEs=
26,8,DvvjN/PO6PMq3X0b0Z3cyE4555o=,lKlFLIZrwVCAXrlrO71V7K5VpEs=
29,4,DvvjN/PO6PMq3X0b0Z3cyE4555o=,PT96+VhGfA1/NDNgRIg0sRlYLSg=
25,14,DvvjN/PO6PMq3X0b0Z3cyE4555o=,lKlFLIZrwVCAXrlrO71V7K5VpEs=
30,4,DvvjN/PO6PMq3X0b0Z3cyE4555o=,PT96+VhGfA1/NDNgRIg0sRlYLSg=
27,8,DvvjN/PO6PMq3X0b0Z3cyE4555o=,lKlFLIZrwVCAXrlrO71V7K5VpEs=
24,5,DvvjN/PO6PMq3X0b0Z3cyE4555o=,PT96+VhGfA1/NDNgRIg0sRlYLSg=
26,14,DvvjN/PO6PMq3X0b0Z3cyE4555o=,lKlFLIZrwVCAXrlrO71V7K5VpEs=
20,7,DvvjN/PO6PMq3X0b0Z3cyE4555o=,woK3zrwlblUBQylik1phUe7m5CE=
25,5,DvvjN/PO6PMq3X0b0Z3cyE4555o=,PT96+VhGfA1/NDNgRIg0sRlYLSg=
27,14,DvvjN/PO6PMq3X0b0Z3cyE4555o=,lKlFLIZrwVCAXrlrO71V7K5VpEs=
21,7,DvvjN/PO6PMq3X0b0Z3cyE4555o=,woK3zrwlblUBQylik1phUe7m5CE=
28,14,DvvjN/PO6PMq3X0b0Z3cyE4555o=,lKlFLIZrwVCAXrlrO71V7K5VpEs=
26,5,DvvjN/PO6PMq3X0b0Z3cyE4555o=,PT96+VhGfA1/NDNgRIg0sRlYLSg=
22,7,DvvjN/PO6PMq3X0b0Z3cyE4555o=,woK3zrwlblUBQylik1phUe7m5CE=
27,5,DvvjN/PO6PMq3X0b0Z3cyE4555o=,PT96+VhGfA1/NDNgRIg0sRlYLSg=
28,8,DvvjN/PO6PMq3X0b0Z3cyE4555o=,lKlFLIZrwVCAXrlrO71V7K5VpEs=
28,5,DvvjN/PO6PMq3X0b0Z3cyE4555o=,PT96+VhGfA1/NDNgRIg0sRlYLSg=
23,7,DvvjN/PO6PMq3X0b0Z3cyE4555o=,woK3zrwlblUBQylik1phUe7m5CE=
29,14,DvvjN/PO6PMq3X0b0Z3cyE4555o=,lKlFLIZrwVCAXrlrO71V7K5VpEs=
29,5,DvvjN/PO6PMq3X0b0Z3cyE4555o=,PT96+VhGfA1/NDNgRIg0sRlYLSg=
17,8,DvvjN/PO6PMq3X0b0Z3cyE4555o=,7ay7T/QDdfyMHNo94NxRnpG1WRU=
30,14,DvvjN/PO6PMq3X0b0Z3cyE4555o=,lKlFLIZrwVCAXrlrO71V7K5VpEs=
30,5,DvvjN/PO6PMq3X0b0Z3cyE4555o=,PT96+VhGfA1/NDNgRIg0sRlYLSg=
18,8,DvvjN/PO6PMq3X0b0Z3cyE4555o=,7ay7T/QDdfyMHNo94NxRnpG1WRU=
29,8,DvvjN/PO6PMq3X0b0Z3cyE4555o=,lKlFLIZrwVCAXrlrO71V7K5VpEs=
19,8,DvvjN/PO6PMq3X0b0Z3cyE4555o=,7ay7T/QDdfyMHNo94NxRnpG1WRU=
24,6,DvvjN/PO6PMq3X0b0Z3cyE4555o=,PT96+VhGfA1/NDNgRIg0sRlYLSg=
30,8,DvvjN/PO6PMq3X0b0Z3cyE4555o=,lKlFLIZrwVCAXrlrO71V7K5VpEs=
20,8,DvvjN/PO6PMq3X0b0Z3cyE4555o=,7ay7T/QDdfyMHNo94NxRnpG1WRU=
25,6,DvvjN/PO6PMq3X0b0Z3cyE4555o=,PT96+VhGfA1/NDNgRIg0sRlYLSg=
25,9,DvvjN/PO6PMq3X0b0Z3cyE4555o=,lKlFLIZrwVCAXrlrO71V7K5VpEs=
21,8,DvvjN/PO6PMq3X0b0Z3cyE4555o=,7ay7T/QDdfyMHNo94NxRnpG1WRU=
26,6,DvvjN/PO6PMq3X0b0Z3cyE4555o=,PT96+VhGfA1/NDNgRIg0sRlYLSg=
26,9,DvvjN/PO6PMq3X0b0Z3cyE4555o=,lKlFLIZrwVCAXrlrO71V7K5VpEs=
22,8,DvvjN/PO6PMq3X0b0Z3cyE4555o=,7ay7T/QDdfyMHNo94NxRnpG1WRU=
27,6,DvvjN/PO6PMq3X0b0Z3cyE4555o=,PT96+VhGfA1/NDNgRIg0sRlYLSg=
27,9,DvvjN/PO6PMq3X0b0Z3cyE4555o=,lKlFLIZrwVCAXrlrO71V7K5VpEs=
23,8,DvvjN/PO6PMq3X0b0Z3cyE4555o=,7ay7T/QDdfyMHNo94NxRnpG1WRU=
28,6,DvvjN/PO6PMq3X0b0Z3cyE4555o=,PT96+VhGfA1/NDNgRIg0sRlYLSg=
28,9,DvvjN/PO6PMq3X0b0Z3cyE4555o=,lKlFLIZrwVCAXrlrO71V7K5VpEs=
17,9,DvvjN/PO6PMq3X0b0Z3cyE4555o=,7ay7T/QDdfyMHNo94NxRnpG1WRU=
29,6,DvvjN/PO6PMq3X0b0Z3cyE4555o=,PT96+VhGfA1/NDNgRIg0sRlYLSg=
29,9,DvvjN/PO6PMq3X0b0Z3cyE4555o=,lKlFLIZrwVCAXrlrO71V7K5VpEs=
18,9,DvvjN/PO6PMq3X0b0Z3cyE4555o=,7ay7T/QDdfyMHNo94NxRnpG1WRU=
30,9,DvvjN/PO6PMq3X0b0Z3cyE4555o=,lKlFLIZrwVCAXrlrO71V7K5VpEs=
19,9,DvvjN/PO6PMq3X0b0Z3cyE4555o=,7ay7T/QDdfyMHNo94NxRnpG1WRU=
30,6,DvvjN/PO6PMq3X0b0Z3cyE4555o=,PT96+VhGfA1/NDNgRIg0sRlYLSg=
25,10,DvvjN/PO6PMq3X0b0Z3cyE4555o=,lKlFLIZrwVCAXrlrO71V7K5VpEs=
20,9,DvvjN/PO6PMq3X0b0Z3cyE4555o=,7ay7T/QDdfyMHNo94NxRnpG1WRU=
24,1,DvvjN/PO6PMq3X0b0Z3cyE4555o=,PT96+VhGfA1/NDNgRIg0sRlYLSg=
21,9,DvvjN/PO6PMq3X0b0Z3cyE4555o=,7ay7T/QDdfyMHNo94NxRnpG1WRU=
26,10,DvvjN/PO6PMq3X0b0Z3cyE4555o=,lKlFLIZrwVCAXrlrO71V7K5VpEs=
23,2,DvvjN/PO6PMq3X0b0Z3cyE4555o=,woK3zrwlblUBQylik1phUe7m5CE=
27,10,DvvjN/PO6PMq3X0b0Z3cyE4555o=,lKlFLIZrwVCAXrlrO71V7K5VpEs=
25,1,DvvjN/PO6PMq3X0b0Z3cyE4555o=,PT96+VhGfA1/NDNgRIg0sRlYLSg=
24,14,DvvjN/PO6PMq3X0b0Z3cyE4555o=,lKlFLIZrwVCAXrlrO71V7K5VpEs=
28,10,DvvjN/PO6PMq3X0b0Z3cyE4555o=,lKlFLIZrwVCAXrlrO71V7K5VpEs=
22,9,DvvjN/PO6PMq3X0b0Z3cyE4555o=,7ay7T/QDdfyMHNo94NxRnpG1WRU=
26,1,DvvjN/PO6PMq3X0b0Z3cyE4555o=,PT96+VhGfA1/NDNgRIg0sRlYLSg=
24,8,DvvjN/PO6PMq3X0b0Z3cyE4555o=,lKlFLIZrwVCAXrlrO71V7K5VpEs=
25,7,DvvjN/PO6PMq3X0b0Z3cyE4555o=,PT96+VhGfA1/NDNgRIg0sRlYLSg=
27,1,DvvjN/PO6PMq3X0b0Z3cyE4555o=,PT96+VhGfA1/NDNgRIg0sRlYLSg=
29,10,DvvjN/PO6PMq3X0b0Z3cyE4555o=,lKlFLIZrwVCAXrlrO71V7K5VpEs=
28,1,DvvjN/PO6PMq3X0b0Z3cyE4555o=,PT96+VhGfA1/NDNgRIg0sRlYLSg=
23,9,DvvjN/PO6PMq3X0b0Z3cyE4555o=,7ay7T/QDdfyMHNo94NxRnpG1WRU=
30,10,DvvjN/PO6PMq3X0b0Z3cyE4555o=,lKlFLIZrwVCAXrlrO71V7K5VpEs=
29,1,DvvjN/PO6PMq3X0b0Z3cyE4555o=,PT96+VhGfA1/NDNgRIg0sRlYLSg=
23,6,DvvjN/PO6PMq3X0b0Z3cyE4555o=,woK3zrwlblUBQylik1phUe7m5CE=
17,10,DvvjN/PO6PMq3X0b0Z3cyE4555o=,7ay7T/QDdfyMHNo94NxRnpG1WRU=
30,1,DvvjN/PO6PMq3X0b0Z3cyE4555o=,PT96+VhGfA1/NDNgRIg0sRlYLSg=
18,10,DvvjN/PO6PMq3X0b0Z3cyE4555o=,7ay7T/QDdfyMHNo94NxRnpG1WRU=
24,2,DvvjN/PO6PMq3X0b0Z3cyE4555o=,PT96+VhGfA1/NDNgRIg0sRlYLSg=
19,10,DvvjN/PO6PMq3X0b0Z3cyE4555o=,7ay7T/QDdfyMHNo94NxRnpG1WRU=
25,2,DvvjN/PO6PMq3X0b0Z3cyE4555o=,PT96+VhGfA1/NDNgRIg0sRlYLSg=
20,10,DvvjN/PO6PMq3X0b0Z3cyE4555o=,7ay7T/QDdfyMHNo94NxRnpG1WRU=
26,2,DvvjN/PO6PMq3X0b0Z3cyE4555o=,PT96+VhGfA1/NDNgRIg0sRlYLSg=
21,10,DvvjN/PO6PMq3X0b0Z3cyE4555o=,7ay7T/QDdfyMHNo94NxRnpG1WRU=
27,2,DvvjN/PO6PMq3X0b0Z3cyE4555o=,PT96+VhGfA1/NDNgRIg0sRlYLSg=
22,10,DvvjN/PO6PMq3X0b0Z3cyE4555o=,7ay7T/QDdfyMHNo94NxRnpG1WRU=
28,2,DvvjN/PO6PMq3X0b0Z3cyE4555o=,PT96+VhGfA1/NDNgRIg0sRlYLSg=
23,10,DvvjN/PO6PMq3X0b0Z3cyE4555o=,7ay7T/QDdfyMHNo94NxRnpG1WRU=
23,3,DvvjN/PO6PMq3X0b0Z3cyE4555o=,woK3zrwlblUBQylik1phUe7m5CE=
17,11,DvvjN/PO6PMq3X0b0Z3cyE4555o=,7ay7T/QDdfyMHNo94NxRnpG1WRU=
25,11,DvvjN/PO6PMq3X0b0Z3cyE4555o=,lKlFLIZrwVCAXrlrO71V7K5VpEs=
29,2,DvvjN/PO6PMq3X0b0Z3cyE4555o=,PT96+VhGfA1/NDNgRIg0sRlYLSg=
18,11,DvvjN/PO6PMq3X0b0Z3cyE4555o=,7ay7T/QDdfyMHNo94NxRnpG1WRU=
30,2,DvvjN/PO6PMq3X0b0Z3cyE4555o=,PT96+VhGfA1/NDNgRIg0sRlYLSg=
26,11,DvvjN/PO6PMq3X0b0Z3cyE4555o=,lKlFLIZrwVCAXrlrO71V7K5VpEs=
19,11,DvvjN/PO6PMq3X0b0Z3cyE4555o=,7ay7T/QDdfyMHNo94NxRnpG1WRU=
24,3,DvvjN/PO6PMq3X0b0Z3cyE4555o=,PT96+VhGfA1/NDNgRIg0sRlYLSg=
26,7,DvvjN/PO6PMq3X0b0Z3cyE4555o=,PT96+VhGfA1/NDNgRIg0sRlYLSg=
23,4,DvvjN/PO6PMq3X0b0Z3cyE4555o=,woK3zrwlblUBQylik1phUe7m5CE=
27,11,DvvjN/PO6PMq3X0b0Z3cyE4555o=,lKlFLIZrwVCAXrlrO71V7K5VpEs=
28,11,DvvjN/PO6PMq3X0b0Z3cyE4555o=,lKlFLIZrwVCAXrlrO71V7K5VpEs=
20,11,DvvjN/PO6PMq3X0b0Z3cyE4555o=,7ay7T/QDdfyMHNo94NxRnpG1WRU=
23,5,DvvjN/PO6PMq3X0b0Z3cyE4555o=,woK3zrwlblUBQylik1phUe7m5CE=
24,9,DvvjN/PO6PMq3X0b0Z3cyE4555o=,lKlFLIZrwVCAXrlrO71V7K5VpEs=
29,11,DvvjN/PO6PMq3X0b0Z3cyE4555o=,lKlFLIZrwVCAXrlrO71V7K5VpEs=
25,3,DvvjN/PO6PMq3X0b0Z3cyE4555o=,PT96+VhGfA1/NDNgRIg0sRlYLSg=
21,11,DvvjN/PO6PMq3X0b0Z3cyE4555o=,7ay7T/QDdfyMHNo94NxRnpG1WRU=
30,11,DvvjN/PO6PMq3X0b0Z3cyE4555o=,lKlFLIZrwVCAXrlrO71V7K5VpEs=
26,3,DvvjN/PO6PMq3X0b0Z3cyE4555o=,PT96+VhGfA1/NDNgRIg0sRlYLSg=
22,11,DvvjN/PO6PMq3X0b0Z3cyE4555o=,7ay7T/QDdfyMHNo94NxRnpG1WRU=
25,12,DvvjN/PO6PMq3X0b0Z3cyE4555o=,lKlFLIZrwVCAXrlrO71V7K5VpEs=
27,3,DvvjN/PO6PMq3X0b0Z3cyE4555o=,PT96+VhGfA1/NDNgRIg0sRlYLSg=
23,11,DvvjN/PO6PMq3X0b0Z3cyE4555o=,7ay7T/QDdfyMHNo94NxRnpG1WRU=
26,12,DvvjN/PO6PMq3X0b0Z3cyE4555o=,lKlFLIZrwVCAXrlrO71V7K5VpEs=
27,7,DvvjN/PO6PMq3X0b0Z3cyE4555o=,PT96+VhGfA1/NDNgRIg0sRlYLSg=
17,12,DvvjN/PO6PMq3X0b0Z3cyE4555o=,7ay7T/QDdfyMHNo94NxRnpG1WRU=
27,12,DvvjN/PO6PMq3X0b0Z3cyE4555o=,lKlFLIZrwVCAXrlrO71V7K5VpEs=
18,12,DvvjN/PO6PMq3X0b0Z3cyE4555o=,7ay7T/QDdfyMHNo94NxRnpG1WRU=
28,12,DvvjN/PO6PMq3X0b0Z3cyE4555o=,lKlFLIZrwVCAXrlrO71V7K5VpEs=
19,12,DvvjN/PO6PMq3X0b0Z3cyE4555o=,7ay7T/QDdfyMHNo94NxRnpG1WRU=
20,12,DvvjN/PO6PMq3X0b0Z3cyE4555o=,7ay7T/QDdfyMHNo94NxRnpG1WRU=
29,12,DvvjN/PO6PMq3X0b0Z3cyE4555o=,lKlFLIZrwVCAXrlrO71V7K5VpEs=
21,12,DvvjN/PO6PMq3X0b0Z3cyE4555o=,7ay7T/QDdfyMHNo94NxRnpG1WRU=
30,12,DvvjN/PO6PMq3X0b0Z3cyE4555o=,lKlFLIZrwVCAXrlrO71V7K5VpEs=
22,12,DvvjN/PO6PMq3X0b0Z3cyE4555o=,7ay7T/QDdfyMHNo94NxRnpG1WRU=
28,7,DvvjN/PO6PMq3X0b0Z3cyE4555o=,PT96+VhGfA1/NDNgRIg0sRlYLSg=
29,7,DvvjN/PO6PMq3X0b0Z3cyE4555o=,PT96+VhGfA1/NDNgRIg0sRlYLSg=
23,12,DvvjN/PO6PMq3X0b0Z3cyE4555o=,7ay7T/QDdfyMHNo94NxRnpG1WRU=
31,3,DvvjN/PO6PMq3X0b0Z3cyE4555o=,PT96+VhGfA1/NDNgRIg0sRlYLSg=
17,13,DvvjN/PO6PMq3X0b0Z3cyE4555o=,7ay7T/QDdfyMHNo94NxRnpG1WRU=
25,13,DvvjN/PO6PMq3X0b0Z3cyE4555o=,lKlFLIZrwVCAXrlrO71V7K5VpEs=
31,4,DvvjN/PO6PMq3X0b0Z3cyE4555o=,PT96+VhGfA1/NDNgRIg0sRlYLSg=
18,13,DvvjN/PO6PMq3X0b0Z3cyE4555o=,7ay7T/QDdfyMHNo94NxRnpG1WRU=
26,13,DvvjN/PO6PMq3X0b0Z3cyE4555o=,lKlFLIZrwVCAXrlrO71V7K5VpEs=
31,5,DvvjN/PO6PMq3X0b0Z3cyE4555o=,PT96+VhGfA1/NDNgRIg0sRlYLSg=
19,13,DvvjN/PO6PMq3X0b0Z3cyE4555o=,7ay7T/QDdfyMHNo94NxRnpG1WRU=
31,6,DvvjN/PO6PMq3X0b0Z3cyE4555o=,PT96+VhGfA1/NDNgRIg0sRlYLSg=
30,7,DvvjN/PO6PMq3X0b0Z3cyE4555o=,PT96+VhGfA1/NDNgRIg0sRlYLSg=
20,13,DvvjN/PO6PMq3X0b0Z3cyE4555o=,7ay7T/QDdfyMHNo94NxRnpG1WRU=
31,1,DvvjN/PO6PMq3X0b0Z3cyE4555o=,PT96+VhGfA1/NDNgRIg0sRlYLSg=
27,13,DvvjN/PO6PMq3X0b0Z3cyE4555o=,lKlFLIZrwVCAXrlrO71V7K5VpEs=
21,13,DvvjN/PO6PMq3X0b0Z3cyE4555o=,7ay7T/QDdfyMHNo94NxRnpG1WRU=
31,2,DvvjN/PO6PMq3X0b0Z3cyE4555o=,PT96+VhGfA1/NDNgRIg0sRlYLSg=
24,10,DvvjN/PO6PMq3X0b0Z3cyE4555o=,lKlFLIZrwVCAXrlrO71V7K5VpEs=
24,7,DvvjN/PO6PMq3X0b0Z3cyE4555o=,PT96+VhGfA1/NDNgRIg0sRlYLSg=
22,13,DvvjN/PO6PMq3X0b0Z3cyE4555o=,7ay7T/QDdfyMHNo94NxRnpG1WRU=
23,13,DvvjN/PO6PMq3X0b0Z3cyE4555o=,7ay7T/QDdfyMHNo94NxRnpG1WRU=
24,11,DvvjN/PO6PMq3X0b0Z3cyE4555o=,lKlFLIZrwVCAXrlrO71V7K5VpEs=
17,7,DvvjN/PO6PMq3X0b0Z3cyE4555o=,woK3zrwlblUBQylik1phUe7m5CE=
24,12,DvvjN/PO6PMq3X0b0Z3cyE4555o=,lKlFLIZrwVCAXrlrO71V7K5VpEs=
19,7,DvvjN/PO6PMq3X0b0Z3cyE4555o=,woK3zrwlblUBQylik1phUe7m5CE=
31,13,DvvjN/PO6PMq3X0b0Z3cyE4555o=,lKlFLIZrwVCAXrlrO71V7K5VpEs=
17,14,DvvjN/PO6PMq3X0b0Z3cyE4555o=,7ay7T/QDdfyMHNo94NxRnpG1WRU=
18,7,DvvjN/PO6PMq3X0b0Z3cyE4555o=,woK3zrwlblUBQylik1phUe7m5CE=
31,14,DvvjN/PO6PMq3X0b0Z3cyE4555o=,lKlFLIZrwVCAXrlrO71V7K5VpEs=
18,14,DvvjN/PO6PMq3X0b0Z3cyE4555o=,7ay7T/QDdfyMHNo94NxRnpG1WRU=
31,8,DvvjN/PO6PMq3X0b0Z3cyE4555o=,lKlFLIZrwVCAXrlrO71V7K5VpEs=
24,13,DvvjN/PO6PMq3X0b0Z3cyE4555o=,lKlFLIZrwVCAXrlrO71V7K5VpEs=
19,14,DvvjN/PO6PMq3X0b0Z3cyE4555o=,7ay7T/QDdfyMHNo94NxRnpG1WRU=
31,9,DvvjN/PO6PMq3X0b0Z3cyE4555o=,lKlFLIZrwVCAXrlrO71V7K5VpEs=
20,14,DvvjN/PO6PMq3X0b0Z3cyE4555o=,7ay7T/QDdfyMHNo94NxRnpG1WRU=
23,14,DvvjN/PO6PMq3X0b0Z3cyE4555o=,7ay7T/QDdfyMHNo94NxRnpG1WRU=
21,14,DvvjN/PO6PMq3X0b0Z3cyE4555o=,7ay7T/QDdfyMHNo94NxRnpG1WRU=
31,10,DvvjN/PO6PMq3X0b0Z3cyE4555o=,lKlFLIZrwVCAXrlrO71V7K5VpEs=
22,14,DvvjN/PO6PMq3X0b0Z3cyE4555o=,7ay7T/QDdfyMHNo94NxRnpG1WRU=
31,11,DvvjN/PO6PMq3X0b0Z3cyE4555o=,lKlFLIZrwVCAXrlrO71V7K5VpEs=
21,6,DvvjN/PO6PMq3X0b0Z3cyE4555o=,woK3zrwlblUBQylik1phUe7m5CE=
22,3,DvvjN/PO6PMq3X0b0Z3cyE4555o=,woK3zrwlblUBQylik1phUe7m5CE=
31,12,DvvjN/PO6PMq3X0b0Z3cyE4555o=,lKlFLIZrwVCAXrlrO71V7K5VpEs=
25,15,DvvjN/PO6PMq3X0b0Z3cyE4555o=,lKlFLIZrwVCAXrlrO71V7K5VpEs=
31,7,DvvjN/PO6PMq3X0b0Z3cyE4555o=,PT96+VhGfA1/NDNgRIg0sRlYLSg=
26,15,DvvjN/PO6PMq3X0b0Z3cyE4555o=,lKlFLIZrwVCAXrlrO71V7K5VpEs=
27,15,DvvjN/PO6PMq3X0b0Z3cyE4555o=,lKlFLIZrwVCAXrlrO71V7K5VpEs=
28,15,DvvjN/PO6PMq3X0b0Z3cyE4555o=,lKlFLIZrwVCAXrlrO71V7K5VpEs=
29,15,DvvjN/PO6PMq3X0b0Z3cyE4555o=,lKlFLIZrwVCAXrlrO71V7K5VpEs=
22,5,DvvjN/PO6PMq3X0b0Z3cyE4555o=,woK3zrwlblUBQylik1phUe7m5CE=
16,9,DvvjN/PO6PMq3X0b0Z3cyE4555o=,7ay7T/QDdfyMHNo94NxRnpG1WRU=
30,15,DvvjN/PO6PMq3X0b0Z3cyE4555o=,lKlFLIZrwVCAXrlrO71V7K5VpEs=
20,15,DvvjN/PO6PMq3X0b0Z3cyE4555o=,7ay7T/QDdfyMHNo94NxRnpG1WRU=
21,15,DvvjN/PO6PMq3X0b0Z3cyE4555o=,7ay7T/QDdfyMHNo94NxRnpG1WRU=
16,10,DvvjN/PO6PMq3X0b0Z3cyE4555o=,7ay7T/QDdfyMHNo94NxRnpG1WRU=
16,11,DvvjN/PO6PMq3X0b0Z3cyE4555o=,7ay7T/QDdfyMHNo94NxRnpG1WRU=
22,15,DvvjN/PO6PMq3X0b0Z3cyE4555o=,7ay7T/QDdfyMHNo94NxRnpG1WRU=
16,12,DvvjN/PO6PMq3X0b0Z3cyE4555o=,7ay7T/QDdfyMHNo94NxRnpG1WRU=
23,15,DvvjN/PO6PMq3X0b0Z3cyE4555o=,7ay7T/QDdfyMHNo94NxRnpG1WRU=
16,13,DvvjN/PO6PMq3X0b0Z3cyE4555o=,7ay7T/QDdfyMHNo94NxRnpG1WRU=
24,15,DvvjN/PO6PMq3X0b0Z3cyE4555o=,lKlFLIZrwVCAXrlrO71V7K5VpEs=
16,14,DvvjN/PO6PMq3X0b0Z3cyE4555o=,7ay7T/QDdfyMHNo94NxRnpG1WRU=
17,3,DvvjN/PO6PMq3X0b0Z3cyE4555o=,woK3zrwlblUBQylik1phUe7m5CE=
20,6,DvvjN/PO6PMq3X0b0Z3cyE4555o=,woK3zrwlblUBQylik1phUe7m5CE=
17,15,DvvjN/PO6PMq3X0b0Z3cyE4555o=,7ay7T/QDdfyMHNo94NxRnpG1WRU=
21,5,DvvjN/PO6PMq3X0b0Z3cyE4555o=,woK3zrwlblUBQylik1phUe7m5CE=
16,15,DvvjN/PO6PMq3X0b0Z3cyE4555o=,7ay7T/QDdfyMHNo94NxRnpG1WRU=
18,15,DvvjN/PO6PMq3X0b0Z3cyE4555o=,7ay7T/QDdfyMHNo94NxRnpG1WRU=
22,6,DvvjN/PO6PMq3X0b0Z3cyE4555o=,woK3zrwlblUBQylik1phUe7m5CE=
19,15,DvvjN/PO6PMq3X0b0Z3cyE4555o=,7ay7T/QDdfyMHNo94NxRnpG1WRU=
16,5,DvvjN/PO6PMq3X0b0Z3cyE4555o=,woK3zrwlblUBQylik1phUe7m5CE=
16,2,DvvjN/PO6PMq3X0b0Z3cyE4555o=,woK3zrwlblUBQylik1phUe7m5CE=
16,4,DvvjN/PO6PMq3X0b0Z3cyE4555o=,woK3zrwlblUBQylik1phUe7m5CE=
16,1,DvvjN/PO6PMq3X0b0Z3cyE4555o=,woK3zrwlblUBQylik1phUe7m5CE=
16,8,DvvjN/PO6PMq3X0b0Z3cyE4555o=,7ay7T/QDdfyMHNo94NxRnpG1WRU=
23,0,DvvjN/PO6PMq3X0b0Z3cyE4555o=,woK3zrwlblUBQylik1phUe7m5CE=
18,0,DvvjN/PO6PMq3X0b0Z3cyE4555o=,woK3zrwlblUBQylik1phUe7m5CE=
16,6,DvvjN/PO6PMq3X0b0Z3cyE4555o=,woK3zrwlblUBQylik1phUe7m5CE=
24,0,DvvjN/PO6PMq3X0b0Z3cyE4555o=,PT96+VhGfA1/NDNgRIg0sRlYLSg=
25,0,DvvjN/PO6PMq3X0b0Z3cyE4555o=,PT96+VhGfA1/NDNgRIg0sRlYLSg=
19,0,DvvjN/PO6PMq3X0b0Z3cyE4555o=,woK3zrwlblUBQylik1phUe7m5CE=
20,0,DvvjN/PO6PMq3X0b0Z3cyE4555o=,woK3zrwlblUBQylik1phUe7m5CE=
26,0,DvvjN/PO6PMq3X0b0Z3cyE4555o=,PT96+VhGfA1/NDNgRIg0sRlYLSg=
21,0,DvvjN/PO6PMq3X0b0Z3cyE4555o=,woK3zrwlblUBQylik1phUe7m5CE=
27,0,DvvjN/PO6PMq3X0b0Z3cyE4555o=,PT96+VhGfA1/NDNgRIg0sRlYLSg=
22,0,DvvjN/PO6PMq3X0b0Z3cyE4555o=,woK3zrwlblUBQylik1phUe7m5CE=
28,0,DvvjN/PO6PMq3X0b0Z3cyE4555o=,PT96+VhGfA1/NDNgRIg0sRlYLSg=
29,0,DvvjN/PO6PMq3X0b0Z3cyE4555o=,PT96+VhGfA1/NDNgRIg0sRlYLSg=
30,0,DvvjN/PO6PMq3X0b0Z3cyE4555o=,PT96+VhGfA1/NDNgRIg0sRlYLSg=
17,0,DvvjN/PO6PMq3X0b0Z3cyE4555o=,woK3zrwlblUBQylik1phUe7m5CE=
31,0,DvvjN/PO6PMq3X0b0Z3cyE4555o=,PT96+VhGfA1/NDNgRIg0sRlYLSg=
31,15,DvvjN/PO6PMq3X0b0Z3cyE4555o=,lKlFLIZrwVCAXrlrO71V7K5VpEs=
17,2,DvvjN/PO6PMq3X0b0Z3cyE4555o=,woK3zrwlblUBQylik1phUe7m5CE=
16,0,DvvjN/PO6PMq3X0b0Z3cyE4555o=,woK3zrwlblUBQylik1phUe7m5CE=
16,7,DvvjN/PO6PMq3X0b0Z3cyE4555o=,woK3zrwlblUBQylik1phUe7m5CE=
20,3,DvvjN/PO6PMq3X0b0Z3cyE4555o=,woK3zrwlblUBQylik1phUe7m5CE=
22,4,DvvjN/PO6PMq3X0b0Z3cyE4555o=,woK3zrwlblUBQylik1phUe7m5CE=
16,3,DvvjN/PO6PMq3X0b0Z3cyE4555o=,woK3zrwlblUBQylik1phUe7m5CE=
22,2,DvvjN/PO6PMq3X0b0Z3cyE4555o=,woK3zrwlblUBQylik1phUe7m5CE=
20,5,DvvjN/PO6PMq3X0b0Z3cyE4555o=,woK3zrwlblUBQylik1phUe7m5CE=
19,6,DvvjN/PO6PMq3X0b0Z3cyE4555o=,woK3zrwlblUBQylik1phUe7m5CE=
18,6,DvvjN/PO6PMq3X0b0Z3cyE4555o=,woK3zrwlblUBQylik1phUe7m5CE=
21,2,DvvjN/PO6PMq3X0b0Z3cyE4555o=,woK3zrwlblUBQylik1phUe7m5CE=
21,4,DvvjN/PO6PMq3X0b0Z3cyE4555o=,woK3zrwlblUBQylik1phUe7m5CE=
17,6,DvvjN/PO6PMq3X0b0Z3cyE4555o=,woK3zrwlblUBQylik1phUe7m5CE=
20,2,DvvjN/PO6PMq3X0b0Z3cyE4555o=,woK3zrwlblUBQylik1phUe7m5CE=
21,3,DvvjN/PO6PMq3X0b0Z3cyE4555o=,woK3zrwlblUBQylik1phUe7m5CE=
19,3,DvvjN/PO6PMq3X0b0Z3cyE4555o=,woK3zrwlblUBQylik1phUe7m5CE=
20,4,DvvjN/PO6PMq3X0b0Z3cyE4555o=,woK3zrwlblUBQylik1phUe7m5CE=
19,5,DvvjN/PO6PMq3X0b0Z3cyE4555o=,woK3zrwlblUBQylik1phUe7m5CE=
19,2,DvvjN/PO6PMq3X0b0Z3cyE4555o=,woK3zrwlblUBQylik1phUe7m5CE=
19,4,DvvjN/PO6PMq3X0b0Z3cyE4555o=,woK3zrwlblUBQylik1phUe7m5CE=
18,4,DvvjN/PO6PMq3X0b0Z3cyE4555o=,woK3zrwlblUBQylik1phUe7m5CE=
17,1,DvvjN/PO6PMq3X0b0Z3cyE4555o=,woK3zrwlblUBQylik1phUe7m5CE=
22,1,DvvjN/PO6PMq3X0b0Z3cyE4555o=,woK3zrwlblUBQylik1phUe7m5CE=
18,2,DvvjN/PO6PMq3X0b0Z3cyE4555o=,woK3zrwlblUBQylik1phUe7m5CE=
21,1,DvvjN/PO6PMq3X0b0Z3cyE4555o=,woK3zrwlblUBQylik1phUe7m5CE=
20,1,DvvjN/PO6PMq3X0b0Z3cyE4555o=,woK3zrwlblUBQylik1phUe7m5CE=
18,3,DvvjN/PO6PMq3X0b0Z3cyE4555o=,woK3zrwlblUBQylik1phUe7m5CE=
17,4,DvvjN/PO6PMq3X0b0Z3cyE4555o=,woK3zrwlblUBQylik1phUe7m5CE=
